building_id,geo_level_1_id,geo_level_2_id,geo_level_3_id,count_floors_pre_eq,age,area_percentage,height_percentage,land_surface_condition,foundation_type,roof_type,ground_floor_type,other_floor_type,position,plan_configuration,has_superstructure_adobe_mud,has_superstructure_mud_mortar_stone,has_superstructure_stone_flag,has_superstructure_cement_mortar_stone,has_superstructure_mud_mortar_brick,has_superstructure_cement_mortar_brick,has_superstructure_timber,has_superstructure_bamboo,has_superstructure_rc_non_engineered,has_superstructure_rc_engineered,has_superstructure_other,legal_ownership_status,count_families,has_secondary_use,has_secondary_use_agriculture,has_secondary_use_hotel,has_secondary_use_rental,has_secondary_use_institution,has_secondary_use_school,has_secondary_use_industry,has_secondary_use_health_post,has_secondary_use_gov_office,has_secondary_use_use_police,has_secondary_use_other,damage_grade,dup
333670,10,488,7877,1,0,2,2,n,r,n,f,j,s,d,0,0,0,0,0,0,1,0,0,0,0,v,1,0,0,0,0,0,0,0,0,0,0,0,2,True
877802,10,488,7877,1,0,2,2,n,r,n,f,j,s,d,0,0,0,0,0,0,1,0,0,0,0,v,1,0,0,0,0,0,0,0,0,0,0,0,1,True
140210,10,1055,10918,1,0,2,2,n,r,n,f,j,s,d,0,1,0,0,0,0,0,0,0,0,0,v,1,0,0,0,0,0,0,0,0,0,0,0,1,True
549814,10,1055,10918,1,0,2,2,n,r,n,f,j,s,d,0,1,0,0,0,0,0,0,0,0,0,v,1,0,0,0,0,0,0,0,0,0,0,0,2,True
607011,10,1055,10918,1,0,2,2,n,r,n,f,j,s,d,0,1,0,0,0,0,0,0,0,0,0,v,1,0,0,0,0,0,0,0,0,0,0,0,2,True
358,10,1055,10248,1,0,2,2,n,r,n,f,j,s,d,0,1,0,0,0,0,0,0,0,0,0,v,1,0,0,0,0,0,0,0,0,0,0,0,1,True
909177,26,1089,9062,1,0,2,2,n,w,n,f,j,s,d,0,0,0,0,0,0,1,0,0,0,0,v,1,0,0,0,0,0,0,0,0,0,0,0,1,True
826250,26,302,4153,1,0,2,2,n,w,n,f,j,s,d,0,0,0,0,0,0,1,0,0,0,0,v,1,0,0,0,0,0,0,0,0,0,0,0,2,True
962641,20,385,11212,1,0,2,2,n,w,n,f,j,s,d,0,0,0,0,0,0,1,1,0,0,0,a,1,0,0,0,0,0,0,0,0,0,0,0,2,True
19708,26,1001,171,1,0,2,2,n,w,n,f,j,s,d,0,0,0,0,0,0,1,1,0,0,0,a,1,0,0,0,0,0,0,0,0,0,0,0,1,True
366272,7,545,11431,1,0,2,2,t,h,n,f,j,s,d,0,0,0,0,0,0,0,0,0,0,1,v,1,0,0,0,0,0,0,0,0,0,0,0,1,True
718855,6,452,7340,1,0,2,2,t,h,n,f,j,s,d,0,0,0,0,0,0,0,0,0,0,1,v,1,0,0,0,0,0,0,0,0,0,0,0,1,True
450069,13,1159,395,1,0,2,2,t,h,n,f,j,s,d,0,0,0,0,0,0,0,0,0,0,1,v,1,0,0,0,0,0,0,0,0,0,0,0,2,True
171,25,889,446,1,0,2,2,t,r,n,f,j,s,d,0,0,0,0,0,0,0,1,0,0,0,v,1,0,0,0,0,0,0,0,0,0,0,0,1,True
778437,4,734,1078,1,0,2,2,t,r,n,f,j,s,d,0,0,0,0,0,0,0,1,0,0,0,v,1,0,0,0,0,0,0,0,0,0,0,0,1,True
422029,10,356,7467,1,0,2,2,t,r,n,f,j,s,d,0,0,0,0,0,1,0,0,0,0,0,v,1,0,0,0,0,0,0,0,0,0,0,0,1,True
230247,10,356,7467,1,0,2,2,t,r,n,f,j,s,d,0,0,0,0,0,1,0,0,0,0,0,v,1,0,0,0,0,0,0,0,0,0,0,0,1,True
369124,21,645,5912,1,0,2,2,t,r,n,f,j,s,d,0,1,0,0,0,0,0,0,0,0,0,v,0,0,0,0,0,0,0,0,0,0,0,0,3,True
27198,21,645,7412,1,0,2,2,t,r,n,f,j,s,d,0,1,0,0,0,0,0,0,0,0,0,v,0,0,0,0,0,0,0,0,0,0,0,0,1,True
347137,21,46,5919,1,0,2,2,t,r,n,f,j,s,d,0,1,0,0,0,0,0,0,0,0,0,v,1,0,0,0,0,0,0,0,0,0,0,0,1,True
174832,7,333,3776,1,0,2,2,t,r,n,f,j,s,d,0,1,0,0,0,0,0,0,0,0,0,v,1,0,0,0,0,0,0,0,0,0,0,0,3,True
866786,13,634,11698,1,0,2,2,t,r,n,f,j,s,d,0,1,0,0,0,0,0,0,0,0,0,v,1,0,0,0,0,0,0,0,0,0,0,0,1,True
964869,7,333,3776,1,0,2,2,t,r,n,f,j,s,d,0,1,0,0,0,0,0,0,0,0,0,v,1,0,0,0,0,0,0,0,0,0,0,0,3,True
61247,7,1421,1132,1,0,2,2,t,r,n,f,j,s,d,0,1,0,0,0,0,0,0,0,0,0,v,1,0,0,0,0,0,0,0,0,0,0,0,3,True
541318,10,337,296,1,0,2,2,t,r,n,f,j,s,d,0,1,0,0,0,0,0,0,0,0,0,v,1,0,0,0,0,0,0,0,0,0,0,0,2,True
758338,7,859,6960,1,0,2,2,t,r,n,f,j,s,d,0,1,0,0,0,0,0,0,0,0,0,v,1,0,0,0,0,0,0,0,0,0,0,0,3,True
867658,8,678,8780,1,0,2,2,t,r,n,f,j,s,d,0,1,0,0,0,0,0,0,0,0,0,v,1,0,0,0,0,0,0,0,0,0,0,0,2,True
776668,7,527,5215,1,0,2,2,t,r,n,f,j,s,d,0,1,0,0,0,0,1,1,0,0,0,v,1,0,0,0,0,0,0,0,0,0,0,0,2,True
1010912,13,373,3361,1,0,2,2,t,r,n,f,j,s,d,0,1,0,0,0,0,1,1,0,0,0,v,1,0,0,0,0,0,0,0,0,0,0,0,1,True
927808,21,1185,2643,1,0,2,2,t,r,n,f,j,t,d,0,1,0,0,0,0,0,0,0,0,0,v,1,0,0,0,0,0,0,0,0,0,0,0,2,True
549942,6,314,11995,1,0,2,2,t,r,n,f,j,t,d,0,1,0,0,0,0,0,0,0,0,0,v,1,0,0,0,0,0,0,0,0,0,0,0,2,True
624114,10,127,2410,1,0,2,2,t,r,n,f,j,t,d,0,1,0,0,0,0,0,0,0,0,0,v,1,0,0,0,0,0,0,0,0,0,0,0,2,True
981796,10,1140,4863,1,0,2,2,t,r,n,f,j,t,d,0,1,0,0,0,0,0,0,0,0,0,v,1,0,0,0,0,0,0,0,0,0,0,0,2,True
208564,21,313,11708,1,0,2,2,t,r,n,f,j,t,d,0,1,0,0,0,0,0,0,0,0,0,v,1,0,0,0,0,0,0,0,0,0,0,0,3,True
878501,10,1224,8475,1,0,2,2,t,r,n,f,j,t,d,0,1,0,0,0,0,0,0,0,0,0,v,1,0,0,0,0,0,0,0,0,0,0,0,3,True
595683,13,606,5270,1,0,2,2,t,r,n,x,j,s,d,0,1,0,0,0,0,0,0,0,0,0,v,1,0,0,0,0,0,0,0,0,0,0,0,1,True
330065,8,1425,8709,1,0,2,2,t,r,n,x,j,s,d,0,1,0,0,0,0,0,0,0,0,0,v,1,0,0,0,0,0,0,0,0,0,0,0,2,True
1004392,26,1001,11008,1,0,2,2,t,u,n,v,j,s,d,0,0,0,0,0,1,0,0,0,0,0,v,1,0,0,0,0,0,0,0,0,0,0,0,2,True
827554,9,445,203,1,0,2,2,t,u,n,v,j,s,d,0,0,0,0,0,1,0,0,0,0,0,v,1,0,0,0,0,0,0,0,0,0,0,0,2,True
480692,26,886,6562,1,0,2,2,t,u,n,v,j,s,d,0,0,0,0,0,1,0,0,0,0,0,v,1,0,0,0,0,0,0,0,0,0,0,0,1,True
807950,26,1050,8829,1,0,2,2,t,u,n,v,j,s,d,0,0,0,0,0,1,0,0,0,0,0,v,1,0,0,0,0,0,0,0,0,0,0,0,1,True
334107,26,1001,11008,1,0,2,2,t,u,n,v,j,s,d,0,0,0,0,0,1,0,0,0,0,0,v,1,0,0,0,0,0,0,0,0,0,0,0,1,True
985107,13,57,767,1,0,2,2,t,w,n,f,j,s,d,0,0,0,0,0,0,0,1,0,0,0,v,1,0,0,0,0,0,0,0,0,0,0,0,1,True
264126,10,405,10686,1,0,2,2,t,w,n,f,j,s,d,0,0,0,0,0,0,0,1,0,0,0,v,1,0,0,0,0,0,0,0,0,0,0,0,1,True
706385,20,1359,7849,1,0,2,2,t,w,n,f,j,s,d,0,0,0,0,0,0,0,1,0,0,0,v,1,0,0,0,0,0,0,0,0,0,0,0,1,True
746086,6,452,4881,1,0,2,2,t,w,n,f,j,s,d,0,0,0,0,0,0,0,1,0,0,0,v,1,0,0,0,0,0,0,0,0,0,0,0,1,True
625080,26,886,12157,1,0,2,2,t,w,n,f,j,s,d,0,0,0,0,0,0,0,1,0,0,0,v,1,0,0,0,0,0,0,0,0,0,0,0,1,True
550092,15,1087,8745,1,0,2,2,t,w,n,f,j,s,d,0,0,0,0,0,0,0,1,0,0,0,v,1,0,0,0,0,0,0,0,0,0,0,0,1,True
24717,8,678,2240,1,0,2,2,t,w,n,f,j,s,d,0,0,0,0,0,0,0,1,0,0,0,v,1,0,0,0,0,0,0,0,0,0,0,0,1,True
755729,26,886,3818,1,0,2,2,t,w,n,f,j,s,d,0,0,0,0,0,0,1,0,0,0,0,a,1,0,0,0,0,0,0,0,0,0,0,0,1,True
514053,6,262,2092,1,0,2,2,t,w,n,f,j,s,d,0,0,0,0,0,0,1,0,0,0,0,a,1,0,0,0,0,0,0,0,0,0,0,0,1,True
94208,26,1001,12258,1,0,2,2,t,w,n,f,j,s,d,0,0,0,0,0,0,1,0,0,0,0,a,1,0,0,0,0,0,0,0,0,0,0,0,1,True
129597,10,575,999,1,0,2,2,t,w,n,f,j,s,d,0,0,0,0,0,0,1,0,0,0,0,v,1,0,0,0,0,0,0,0,0,0,0,0,2,True
1006568,26,1023,9635,1,0,2,2,t,w,n,f,j,s,d,0,0,0,0,0,0,1,0,0,0,0,v,1,0,0,0,0,0,0,0,0,0,0,0,1,True
762310,10,488,12448,1,0,2,2,t,w,n,f,j,s,d,0,0,0,0,0,0,1,0,0,0,0,v,1,0,0,0,0,0,0,0,0,0,0,0,1,True
380431,9,1298,4105,1,0,2,2,t,w,n,f,j,s,d,0,0,0,0,0,0,1,0,0,0,0,v,1,0,0,0,0,0,0,0,0,0,0,0,1,True
940539,26,897,4644,1,0,2,2,t,w,n,f,j,s,d,0,0,0,0,0,0,1,0,0,0,0,v,1,0,0,0,0,0,0,0,0,0,0,0,1,True
940442,10,1055,11945,1,0,2,2,t,w,n,f,j,s,d,0,0,0,0,0,0,1,0,0,0,0,v,1,0,0,0,0,0,0,0,0,0,0,0,1,True
313132,26,302,4153,1,0,2,2,t,w,n,f,j,s,d,0,0,0,0,0,0,1,0,0,0,0,v,1,0,0,0,0,0,0,0,0,0,0,0,2,True
215882,26,302,4153,1,0,2,2,t,w,n,f,j,s,d,0,0,0,0,0,0,1,0,0,0,0,v,1,0,0,0,0,0,0,0,0,0,0,0,2,True
577011,26,302,4153,1,0,2,2,t,w,n,f,j,s,d,0,0,0,0,0,0,1,0,0,0,0,v,1,0,0,0,0,0,0,0,0,0,0,0,2,True
577088,7,255,3414,1,0,2,2,t,w,n,f,j,s,d,0,0,0,0,0,0,1,0,0,0,0,v,1,0,0,0,0,0,0,0,0,0,0,0,1,True
359426,21,363,2537,1,0,2,2,t,w,n,f,j,s,d,0,0,0,0,0,0,1,0,0,0,1,v,0,0,0,0,0,0,0,0,0,0,0,0,1,True
977806,21,363,2537,1,0,2,2,t,w,n,f,j,s,d,0,0,0,0,0,0,1,0,0,0,1,v,0,0,0,0,0,0,0,0,0,0,0,0,1,True
351923,13,925,6373,1,0,2,2,t,w,n,f,j,s,d,0,0,0,0,0,0,1,0,0,0,1,v,0,0,0,0,0,0,0,0,0,0,0,0,1,True
1014595,4,1342,7543,1,0,2,2,t,w,n,f,j,s,d,0,0,0,0,0,0,1,1,0,0,0,v,1,0,0,0,0,0,0,0,0,0,0,0,2,True
853965,10,735,12338,1,0,2,2,t,w,n,f,j,s,d,0,0,0,0,0,0,1,1,0,0,0,v,1,0,0,0,0,0,0,0,0,0,0,0,3,True
564133,26,1132,12339,1,0,2,2,t,w,n,f,j,s,d,0,0,0,0,0,0,1,1,0,0,0,v,1,0,0,0,0,0,0,0,0,0,0,0,2,True
468713,7,728,4424,1,0,2,2,t,w,n,f,j,s,d,0,0,0,0,0,0,1,1,0,0,0,v,1,0,0,0,0,0,0,0,0,0,0,0,2,True
430884,26,919,10629,1,0,2,2,t,w,n,f,j,s,d,0,0,0,0,0,0,1,1,0,0,1,v,1,0,0,0,0,0,0,0,0,0,0,0,1,True
671713,10,90,10081,1,0,2,2,t,w,n,f,j,s,d,0,0,0,0,0,0,1,1,0,0,1,v,1,0,0,0,0,0,0,0,0,0,0,0,2,True
293370,9,772,12334,1,0,2,2,t,w,n,f,j,s,d,0,1,0,0,0,0,0,1,0,0,0,v,1,0,0,0,0,0,0,0,0,0,0,0,1,True
141826,7,545,9046,1,0,2,2,t,w,n,f,j,s,d,0,1,0,0,0,0,0,1,0,0,0,v,1,0,0,0,0,0,0,0,0,0,0,0,2,True
771034,13,1211,1175,1,0,2,2,t,w,n,f,j,s,q,0,0,0,0,0,0,0,1,0,0,0,v,1,0,0,0,0,0,0,0,0,0,0,0,1,True
9599,10,661,8729,1,0,2,2,t,w,n,f,j,s,q,0,0,0,0,0,0,0,1,0,0,0,v,1,0,0,0,0,0,0,0,0,0,0,0,3,True
241072,13,829,3907,1,0,2,2,t,w,q,f,j,s,d,0,0,0,0,0,0,0,1,0,0,0,v,1,0,0,0,0,0,0,0,0,0,0,0,1,True
695872,20,508,12421,1,0,2,2,t,w,q,f,j,s,d,0,0,0,0,0,0,0,1,0,0,0,v,1,0,0,0,0,0,0,0,0,0,0,0,1,True
143404,7,333,4107,1,0,2,3,n,r,n,f,j,s,d,0,1,0,0,0,0,0,0,0,0,0,v,1,0,0,0,0,0,0,0,0,0,0,0,3,True
559561,25,1118,9480,1,0,2,3,n,r,n,f,j,s,d,0,1,0,0,0,0,0,0,0,0,0,v,1,0,0,0,0,0,0,0,0,0,0,0,2,True
196165,10,488,7877,1,0,2,3,n,r,n,f,j,s,d,0,1,0,0,0,0,0,0,0,0,0,v,1,0,0,0,0,0,0,0,0,0,0,0,3,True
979229,10,1055,10248,1,0,2,3,n,r,n,f,j,s,d,0,1,0,0,0,0,0,0,0,0,0,v,1,0,0,0,0,0,0,0,0,0,0,0,1,True
1000130,26,36,5318,1,0,2,3,t,r,n,f,j,s,d,0,0,0,0,0,0,0,1,0,0,0,v,1,0,0,0,0,0,0,0,0,0,0,0,1,True
203738,20,214,521,1,0,2,3,t,r,n,f,j,s,d,0,0,0,0,0,0,0,1,0,0,0,v,1,0,0,0,0,0,0,0,0,0,0,0,1,True
26651,21,107,1965,1,0,2,3,t,r,n,f,j,s,d,0,0,0,0,0,0,1,1,0,0,0,v,1,0,0,0,0,0,0,0,0,0,0,0,2,True
733645,26,1023,10220,1,0,2,3,t,r,n,f,j,s,d,0,0,0,0,0,0,1,1,0,0,0,v,1,0,0,0,0,0,0,0,0,0,0,0,2,True
213269,7,746,6515,1,0,2,3,t,r,n,f,j,s,d,0,1,0,0,0,0,0,0,0,0,0,v,0,0,0,0,0,0,0,0,0,0,0,0,1,True
896788,7,1040,4350,1,0,2,3,t,r,n,f,j,s,d,0,1,0,0,0,0,0,0,0,0,0,v,0,0,0,0,0,0,0,0,0,0,0,0,2,True
190571,10,356,263,1,0,2,3,t,r,n,f,j,s,d,0,1,0,0,0,0,0,0,0,0,0,v,1,0,0,0,0,0,0,0,0,0,0,0,2,True
739086,10,575,641,1,0,2,3,t,r,n,f,j,s,d,0,1,0,0,0,0,0,0,0,0,0,v,1,0,0,0,0,0,0,0,0,0,0,0,2,True
565604,6,37,7962,1,0,2,3,t,r,n,f,j,s,d,0,1,0,0,0,0,0,0,0,0,0,v,1,0,0,0,0,0,0,0,0,0,0,0,2,True
290054,7,800,8757,1,0,2,3,t,r,n,f,j,s,d,0,1,0,0,0,0,0,0,0,0,0,v,1,0,0,0,0,0,0,0,0,0,0,0,2,True
502133,8,1425,8398,1,0,2,3,t,r,n,f,j,s,d,0,1,0,0,0,0,0,0,0,0,0,v,1,0,0,0,0,0,0,0,0,0,0,0,3,True
648864,8,1020,6470,1,0,2,3,t,r,n,f,j,s,d,0,1,0,0,0,0,0,0,0,0,0,v,1,0,0,0,0,0,0,0,0,0,0,0,2,True
311683,22,1305,4072,1,0,2,3,t,r,n,f,j,s,d,0,1,0,0,0,0,0,0,0,0,0,v,1,0,0,0,0,0,0,0,0,0,0,0,2,True
286888,21,1051,4094,1,0,2,3,t,r,q,f,j,s,d,0,1,0,0,0,0,0,0,0,0,0,v,1,0,0,0,0,0,0,0,0,0,0,0,3,True
785598,10,105,6939,1,0,2,3,t,r,q,f,j,s,d,0,1,0,0,0,0,0,0,0,0,0,v,1,0,0,0,0,0,0,0,0,0,0,0,3,True
293153,8,659,7534,1,0,2,3,t,r,q,f,j,s,d,0,1,0,0,0,0,0,0,0,0,0,v,1,0,0,0,0,0,0,0,0,0,0,0,3,True
265089,10,1055,10248,1,0,2,3,t,r,q,f,j,s,d,0,1,0,0,0,0,0,0,0,0,0,v,1,0,0,0,0,0,0,0,0,0,0,0,2,True
844099,10,105,6939,1,0,2,3,t,r,q,f,j,t,d,0,1,0,0,0,0,0,0,0,0,0,v,1,0,0,0,0,0,0,0,0,0,0,0,3,True
674865,10,105,6939,1,0,2,3,t,r,q,f,j,t,d,0,1,0,0,0,0,0,0,0,0,0,v,1,0,0,0,0,0,0,0,0,0,0,0,3,True
316650,8,1009,450,1,0,2,3,t,r,q,f,j,t,d,0,1,0,0,0,0,0,0,0,0,0,v,1,0,0,0,0,0,0,0,0,0,0,0,3,True
746001,26,1001,11008,1,0,2,3,t,u,n,v,j,s,d,0,0,0,0,0,1,0,0,0,0,0,a,1,0,0,0,0,0,0,0,0,0,0,0,1,True
886599,9,210,12268,1,0,2,3,t,u,n,v,j,s,d,0,0,0,0,0,1,0,0,0,0,0,a,1,0,0,0,0,0,0,0,0,0,0,0,1,True
235786,26,36,11590,1,0,2,3,t,u,n,x,j,s,d,0,0,0,0,0,1,0,0,0,0,0,v,1,0,0,0,0,0,0,0,0,0,0,0,1,True
736587,26,36,11590,1,0,2,3,t,u,n,x,j,s,d,0,0,0,0,0,1,0,0,0,0,0,v,1,0,0,0,0,0,0,0,0,0,0,0,1,True
271383,26,36,11590,1,0,2,3,t,u,n,x,j,s,d,0,0,0,0,0,1,0,0,0,0,0,v,1,0,0,0,0,0,0,0,0,0,0,0,1,True
791233,20,215,995,1,0,2,3,t,w,n,f,j,s,d,0,0,0,0,0,0,0,1,0,0,0,a,1,0,0,0,0,0,0,0,0,0,0,0,2,True
293999,7,799,944,1,0,2,3,t,w,n,f,j,s,d,0,0,0,0,0,0,0,1,0,0,0,a,1,0,0,0,0,0,0,0,0,0,0,0,1,True
785514,7,800,9137,1,0,2,3,t,w,n,f,j,s,d,0,0,0,0,0,0,0,1,0,0,0,v,1,0,0,0,0,0,0,0,0,0,0,0,1,True
651872,7,936,11717,1,0,2,3,t,w,n,f,j,s,d,0,0,0,0,0,0,0,1,0,0,0,v,1,0,0,0,0,0,0,0,0,0,0,0,1,True
163146,20,158,4322,1,0,2,3,t,w,n,f,j,s,d,0,0,0,0,0,0,0,1,0,0,0,v,1,0,0,0,0,0,0,0,0,0,0,0,1,True
944439,7,157,10624,1,0,2,3,t,w,n,f,j,s,d,0,0,0,0,0,0,0,1,0,0,0,v,1,0,0,0,0,0,0,0,0,0,0,0,1,True
104044,26,203,532,1,0,2,3,t,w,n,f,j,s,d,0,0,0,0,0,0,1,0,0,0,0,v,1,0,0,0,0,0,0,0,0,0,0,0,1,True
799002,26,886,12157,1,0,2,3,t,w,n,f,j,s,d,0,0,0,0,0,0,1,0,0,0,0,v,1,0,0,0,0,0,0,0,0,0,0,0,1,True
661751,7,1328,2949,1,0,2,3,t,w,n,f,j,s,d,0,0,0,0,0,0,1,0,0,0,0,v,1,0,0,0,0,0,0,0,0,0,0,0,3,True
399337,26,991,3006,1,0,2,3,t,w,n,f,j,s,d,0,0,0,0,0,0,1,0,0,0,0,v,1,0,0,0,0,0,0,0,0,0,0,0,1,True
443031,26,991,47,1,0,2,3,t,w,n,f,j,s,d,0,0,0,0,0,0,1,0,0,0,0,v,1,0,0,0,0,0,0,0,0,0,0,0,1,True
477756,26,886,12157,1,0,2,3,t,w,n,f,j,s,d,0,0,0,0,0,0,1,0,0,0,0,v,1,0,0,0,0,0,0,0,0,0,0,0,2,True
838944,20,1021,2035,1,0,2,3,t,w,n,f,j,s,d,0,0,0,0,0,0,1,0,0,0,0,v,1,0,0,0,0,0,0,0,0,0,0,0,2,True
432317,26,991,3006,1,0,2,3,t,w,n,f,j,s,d,0,0,0,0,0,0,1,0,0,0,0,v,1,0,0,0,0,0,0,0,0,0,0,0,1,True
918425,26,302,5339,1,0,2,3,t,w,n,f,j,s,d,0,0,0,0,0,0,1,0,0,0,0,v,1,0,0,0,0,0,0,0,0,0,0,0,2,True
581733,26,896,2555,1,0,2,3,t,w,n,f,j,s,d,0,0,0,0,0,0,1,0,0,0,0,v,1,0,0,0,0,0,0,0,0,0,0,0,1,True
885736,10,1055,11945,1,0,2,3,t,w,n,f,j,s,d,0,0,0,0,0,0,1,0,0,0,0,v,1,0,0,0,0,0,0,0,0,0,0,0,1,True
574588,26,36,8789,1,0,2,3,t,w,n,f,j,s,d,0,0,0,0,0,0,1,0,0,0,0,v,1,0,0,0,0,0,0,0,0,0,0,0,1,True
404052,26,896,2555,1,0,2,3,t,w,n,f,j,s,d,0,0,0,0,0,0,1,0,0,0,0,v,1,0,0,0,0,0,0,0,0,0,0,0,1,True
85996,20,215,4968,1,0,2,3,t,w,n,f,j,s,d,0,0,0,0,0,0,1,1,0,0,0,a,1,0,0,0,0,0,0,0,0,0,0,0,2,True
1003609,20,215,6356,1,0,2,3,t,w,n,f,j,s,d,0,0,0,0,0,0,1,1,0,0,0,a,1,0,0,0,0,0,0,0,0,0,0,0,3,True
549178,20,1021,5353,1,0,2,3,t,w,n,f,j,s,d,0,0,0,0,0,0,1,1,0,0,0,a,1,0,0,0,0,0,0,0,0,0,0,0,1,True
51200,10,356,8113,1,0,2,3,t,w,n,f,j,s,d,0,0,0,0,0,0,1,1,0,0,0,v,1,0,0,0,0,0,0,0,0,0,0,0,1,True
734944,26,302,5339,1,0,2,3,t,w,n,f,j,s,d,0,0,0,0,0,0,1,1,0,0,0,v,1,0,0,0,0,0,0,0,0,0,0,0,1,True
308140,20,953,10810,1,0,2,3,t,w,n,f,j,s,d,0,0,0,0,0,0,1,1,0,0,0,v,1,0,0,0,0,0,0,0,0,0,0,0,2,True
968461,15,1087,5628,1,0,2,3,t,w,n,f,j,s,d,0,0,0,0,0,0,1,1,0,0,0,v,1,0,0,0,0,0,0,0,0,0,0,0,1,True
15058,20,215,995,1,0,2,3,t,w,q,f,j,s,d,0,0,0,0,0,0,0,1,0,0,0,a,1,0,0,0,0,0,0,0,0,0,0,0,2,True
873590,20,215,995,1,0,2,3,t,w,q,f,j,s,d,0,0,0,0,0,0,0,1,0,0,0,a,1,0,0,0,0,0,0,0,0,0,0,0,2,True
231002,20,136,11263,1,0,2,3,t,w,q,f,j,s,d,0,0,0,0,0,0,1,1,0,0,0,a,1,0,0,0,0,0,0,0,0,0,0,0,2,True
116328,20,215,995,1,0,2,3,t,w,q,f,j,s,d,0,0,0,0,0,0,1,1,0,0,0,a,1,0,0,0,0,0,0,0,0,0,0,0,2,True
697517,26,36,8124,1,0,2,4,t,r,n,v,j,s,d,0,0,0,0,0,1,0,0,0,0,0,a,1,0,0,0,0,0,0,0,0,0,0,0,1,True
1009970,26,36,8124,1,0,2,4,t,r,n,v,j,s,d,0,0,0,0,0,1,0,0,0,0,0,a,1,0,0,0,0,0,0,0,0,0,0,0,1,True
118758,26,753,1308,1,0,2,4,t,w,n,f,j,s,d,0,0,0,0,0,0,1,0,0,0,0,v,1,0,0,0,0,0,0,0,0,0,0,0,1,True
100416,10,70,2374,1,0,2,4,t,w,n,f,j,s,d,0,0,0,0,0,0,1,0,0,0,0,v,1,0,0,0,0,0,0,0,0,0,0,0,1,True
407080,8,1054,6496,1,0,3,2,n,r,n,f,j,s,d,0,0,0,0,0,0,1,1,0,0,0,v,1,0,0,0,0,0,0,0,0,0,0,0,3,True
92511,20,826,5846,1,0,3,2,n,r,n,f,j,s,d,0,0,0,0,0,0,1,1,0,0,0,v,1,0,0,0,0,0,0,0,0,0,0,0,1,True
506643,26,1089,9402,1,0,3,2,n,r,n,f,j,s,d,0,1,0,0,0,0,0,0,0,0,0,v,1,0,0,0,0,0,0,0,0,0,0,0,2,True
372752,8,1073,11918,1,0,3,2,n,r,n,f,j,s,d,0,1,0,0,0,0,0,0,0,0,0,v,1,0,0,0,0,0,0,0,0,0,0,0,2,True
813322,26,1089,10184,1,0,3,2,n,r,n,f,j,s,d,0,1,0,0,0,0,0,0,0,0,0,v,1,0,0,0,0,0,0,0,0,0,0,0,2,True
723477,7,555,2763,1,0,3,2,n,r,n,f,j,s,d,0,1,0,0,0,0,0,0,0,0,0,v,1,0,0,0,0,0,0,0,0,0,0,0,2,True
985445,9,475,30,1,0,3,2,o,w,n,f,j,s,d,0,0,0,0,0,0,1,0,0,0,0,v,1,0,0,0,0,0,0,0,0,0,0,0,1,True
73817,26,432,10811,1,0,3,2,o,w,n,f,j,s,d,0,0,0,0,0,0,1,0,0,0,0,v,1,0,0,0,0,0,0,0,0,0,0,0,1,True
247646,10,1407,11494,1,0,3,2,o,w,n,f,j,s,d,0,0,0,0,0,0,1,0,0,0,0,v,1,0,0,0,0,0,0,0,0,0,0,0,1,True
897677,26,1023,12350,1,0,3,2,t,h,n,f,j,s,d,0,0,0,0,0,0,0,0,0,0,1,v,1,0,0,0,0,0,0,0,0,0,0,0,1,True
524665,26,1216,9281,1,0,3,2,t,h,n,f,j,s,d,0,0,0,0,0,0,0,0,0,0,1,v,1,0,0,0,0,0,0,0,0,0,0,0,1,True
904683,6,673,4283,1,0,3,2,t,h,n,f,j,s,d,0,0,0,0,0,0,0,0,0,0,1,v,1,0,0,0,0,0,0,0,0,0,0,0,1,True
203261,4,369,911,1,0,3,2,t,h,n,f,j,s,d,0,0,0,0,0,0,0,1,0,0,0,v,1,0,0,0,0,0,0,0,0,0,0,0,1,True
305844,7,746,95,1,0,3,2,t,h,n,f,j,s,d,0,0,0,0,0,0,0,1,0,0,0,v,1,0,0,0,0,0,0,0,0,0,0,0,1,True
632800,26,1216,12491,1,0,3,2,t,h,n,f,j,s,d,0,0,0,0,0,0,0,1,0,0,0,v,1,0,0,0,0,0,0,0,0,0,0,0,1,True
295426,25,889,5505,1,0,3,2,t,r,n,f,j,s,d,0,0,0,0,0,0,0,1,0,0,0,v,1,0,0,0,0,0,0,0,0,0,0,0,3,True
1039051,13,1376,667,1,0,3,2,t,r,n,f,j,s,d,0,0,0,0,0,0,0,1,0,0,0,v,1,0,0,0,0,0,0,0,0,0,0,0,1,True
1038877,10,735,9387,1,0,3,2,t,r,n,f,j,s,d,0,0,0,0,0,0,0,1,0,0,0,v,1,0,0,0,0,0,0,0,0,0,0,0,3,True
540824,10,488,12448,1,0,3,2,t,r,n,f,j,s,d,0,0,0,0,0,0,1,0,0,0,0,v,1,0,0,0,0,0,0,0,0,0,0,0,1,True
185203,10,735,9387,1,0,3,2,t,r,n,f,j,s,d,0,0,0,0,0,0,1,0,0,0,0,v,1,0,0,0,0,0,0,0,0,0,0,0,3,True
551803,25,889,1339,1,0,3,2,t,r,n,f,j,s,d,0,0,0,0,0,0,1,1,0,0,0,v,1,0,0,0,0,0,0,0,0,0,0,0,1,True
905060,10,825,9535,1,0,3,2,t,r,n,f,j,s,d,0,0,0,0,0,0,1,1,0,0,0,v,1,0,0,0,0,0,0,0,0,0,0,0,1,True
547282,6,673,6047,1,0,3,2,t,r,n,f,j,s,d,0,0,0,0,1,0,0,0,0,0,0,v,1,0,0,0,0,0,0,0,0,0,0,0,1,True
25775,7,800,12129,1,0,3,2,t,r,n,f,j,s,d,0,0,0,0,1,0,0,0,0,0,0,v,1,0,0,0,0,0,0,0,0,0,0,0,2,True
633225,7,1166,406,1,0,3,2,t,r,n,f,j,s,d,0,0,0,0,1,0,1,0,0,0,0,v,1,0,0,0,0,0,0,0,0,0,0,0,2,True
23386,7,1166,9958,1,0,3,2,t,r,n,f,j,s,d,0,0,0,0,1,0,1,0,0,0,0,v,1,0,0,0,0,0,0,0,0,0,0,0,2,True
193794,10,735,9632,1,0,3,2,t,r,n,f,j,s,d,0,1,0,0,0,0,0,0,0,0,0,v,1,0,0,0,0,0,0,0,0,0,0,0,1,True
534956,7,799,5460,1,0,3,2,t,r,n,f,j,s,d,0,1,0,0,0,0,0,0,0,0,0,v,1,0,0,0,0,0,0,0,0,0,0,0,2,True
127500,21,363,12093,1,0,3,2,t,r,n,f,j,s,d,0,1,0,0,0,0,0,0,0,0,0,v,1,0,0,0,0,0,0,0,0,0,0,0,3,True
524381,10,1127,8512,1,0,3,2,t,r,n,f,j,s,d,0,1,0,0,0,0,0,0,0,0,0,v,1,0,0,0,0,0,0,0,0,0,0,0,3,True
635975,10,1055,10772,1,0,3,2,t,r,n,f,j,s,d,0,1,0,0,0,0,0,0,0,0,0,v,1,0,0,0,0,0,0,0,0,0,0,0,2,True
179394,25,902,8240,1,0,3,2,t,r,n,f,j,s,d,0,1,0,0,0,0,0,0,0,0,0,v,1,0,0,0,0,0,0,0,0,0,0,0,3,True
411469,25,889,5505,1,0,3,2,t,r,n,f,j,s,d,0,1,0,0,0,0,0,0,0,0,0,v,1,0,0,0,0,0,0,0,0,0,0,0,3,True
296780,4,689,1749,1,0,3,2,t,r,n,f,j,s,d,0,1,0,0,0,0,0,0,0,0,0,v,1,0,0,0,0,0,0,0,0,0,0,0,2,True
515104,10,417,1071,1,0,3,2,t,r,n,f,j,s,d,0,1,0,0,0,0,0,0,0,0,0,v,1,0,0,0,0,0,0,0,0,0,0,0,3,True
624993,26,302,4153,1,0,3,2,t,r,n,f,j,s,d,0,1,0,0,0,0,0,0,0,0,0,v,1,0,0,0,0,0,0,0,0,0,0,0,3,True
183050,13,783,4676,1,0,3,2,t,r,n,f,j,s,d,0,1,0,0,0,0,0,0,0,0,0,v,1,0,0,0,0,0,0,0,0,0,0,0,2,True
32564,13,634,10142,1,0,3,2,t,r,n,f,j,s,d,0,1,0,0,0,0,0,0,0,0,0,v,1,0,0,0,0,0,0,0,0,0,0,0,2,True
498266,7,790,7889,1,0,3,2,t,r,n,f,j,s,d,0,1,0,0,0,0,0,0,0,0,0,v,1,0,0,0,0,0,0,0,0,0,0,0,3,True
752232,26,327,3701,1,0,3,2,t,r,n,f,j,s,d,0,1,0,0,0,0,0,0,0,0,0,v,1,0,0,0,0,0,0,0,0,0,0,0,2,True
979780,10,735,9632,1,0,3,2,t,r,n,f,j,s,d,0,1,0,0,0,0,0,0,0,0,0,v,1,0,0,0,0,0,0,0,0,0,0,0,3,True
139124,8,268,386,1,0,3,2,t,r,n,f,j,s,d,0,1,0,0,0,0,0,0,0,0,0,v,1,0,0,0,0,0,0,0,0,0,0,0,3,True
412985,13,503,9255,1,0,3,2,t,r,n,f,j,s,d,0,1,0,0,0,0,0,0,0,0,0,v,1,0,0,0,0,0,0,0,0,0,0,0,1,True
842698,26,919,4113,1,0,3,2,t,r,n,f,j,s,d,0,1,0,0,0,0,0,0,0,0,0,v,1,0,0,0,0,0,0,0,0,0,0,0,2,True
304796,7,545,9046,1,0,3,2,t,r,n,f,j,s,d,0,1,0,0,0,0,0,0,0,0,0,v,1,0,0,0,0,0,0,0,0,0,0,0,2,True
782152,6,1060,8148,1,0,3,2,t,r,n,f,j,s,d,0,1,0,0,0,0,0,0,0,0,0,v,1,0,0,0,0,0,0,0,0,0,0,0,3,True
41149,7,746,7595,1,0,3,2,t,r,n,f,j,s,d,0,1,0,0,0,0,0,0,0,0,0,v,1,0,0,0,0,0,0,0,0,0,0,0,1,True
332580,26,327,3701,1,0,3,2,t,r,n,f,j,s,d,0,1,0,0,0,0,0,0,0,0,0,v,1,0,0,0,0,0,0,0,0,0,0,0,2,True
332116,4,1095,910,1,0,3,2,t,r,n,f,j,s,d,0,1,0,0,0,0,0,0,0,0,0,v,1,0,0,0,0,0,0,0,0,0,0,0,1,True
923759,10,1207,12014,1,0,3,2,t,r,n,f,j,s,d,0,1,0,0,0,0,0,0,0,0,0,v,1,0,0,0,0,0,0,0,0,0,0,0,2,True
713272,30,380,278,1,0,3,2,t,r,n,f,j,s,d,0,1,0,0,0,0,0,0,0,0,0,v,1,0,0,0,0,0,0,0,0,0,0,0,2,True
303556,7,1233,5131,1,0,3,2,t,r,n,f,j,s,d,0,1,0,0,0,0,0,0,0,0,0,v,1,0,0,0,0,0,0,0,0,0,0,0,3,True
524471,16,1176,8758,1,0,3,2,t,r,n,f,j,s,d,0,1,0,0,0,0,0,0,0,0,0,v,1,0,0,0,0,0,0,0,0,0,0,0,3,True
825383,7,728,6313,1,0,3,2,t,r,n,f,j,s,d,0,1,0,0,0,0,0,0,0,0,0,v,1,0,0,0,0,0,0,0,0,0,0,0,2,True
1035702,8,678,2240,1,0,3,2,t,r,n,f,j,s,d,0,1,0,0,0,0,0,0,0,0,0,v,1,0,0,0,0,0,0,0,0,0,0,0,2,True
642414,17,856,2595,1,0,3,2,t,r,n,f,j,s,d,0,1,0,0,0,0,0,0,0,0,0,v,1,0,0,0,0,0,0,0,0,0,0,0,3,True
637207,17,1308,7027,1,0,3,2,t,r,n,f,j,s,d,0,1,0,0,0,0,0,0,0,0,0,v,1,0,0,0,0,0,0,0,0,0,0,0,2,True
925724,7,108,9861,1,0,3,2,t,r,n,f,j,s,d,0,1,0,0,0,0,0,0,0,0,0,v,1,0,0,0,0,0,0,0,0,0,0,0,2,True
401639,20,1134,4199,1,0,3,2,t,r,n,f,j,s,d,0,1,0,0,0,0,0,0,0,0,0,v,1,0,0,0,0,0,0,0,0,0,0,0,1,True
77460,10,1055,10772,1,0,3,2,t,r,n,f,j,s,d,0,1,0,0,0,0,0,0,0,0,0,v,1,0,0,0,0,0,0,0,0,0,0,0,2,True
823836,13,829,2139,1,0,3,2,t,r,n,f,j,s,d,0,1,0,0,0,0,0,1,0,0,0,v,1,0,0,0,0,0,0,0,0,0,0,0,2,True
483287,8,1184,11643,1,0,3,2,t,r,n,f,j,s,d,0,1,0,0,0,0,0,1,0,0,0,v,1,0,0,0,0,0,0,0,0,0,0,0,3,True
893123,1,122,3045,1,0,3,2,t,r,n,f,j,s,d,0,1,0,0,0,0,0,1,0,0,0,v,1,0,0,0,0,0,0,0,0,0,0,0,2,True
284408,10,562,7435,1,0,3,2,t,r,n,f,j,s,d,0,1,0,0,0,0,1,0,0,0,0,v,1,0,0,0,0,0,0,0,0,0,0,0,2,True
867637,7,1068,387,1,0,3,2,t,r,n,f,j,s,d,0,1,0,0,0,0,1,0,0,0,0,v,1,0,0,0,0,0,0,0,0,0,0,0,3,True
814346,10,488,4832,1,0,3,2,t,r,n,f,j,s,d,0,1,0,0,0,0,1,0,0,0,0,v,1,0,0,0,0,0,0,0,0,0,0,0,2,True
479023,13,128,1806,1,0,3,2,t,r,n,f,j,s,d,0,1,0,0,0,0,1,0,0,0,0,v,1,0,0,0,0,0,0,0,0,0,0,0,2,True
148552,7,630,9216,1,0,3,2,t,r,n,f,j,s,d,0,1,0,0,0,0,1,0,0,0,0,v,1,0,0,0,0,0,0,0,0,0,0,0,3,True
432198,26,302,4153,1,0,3,2,t,r,n,f,j,s,d,0,1,0,0,0,0,1,0,0,0,0,v,1,0,0,0,0,0,0,0,0,0,0,0,2,True
694810,7,108,2895,1,0,3,2,t,r,n,f,j,s,d,0,1,0,0,0,0,1,0,0,0,0,v,1,0,0,0,0,0,0,0,0,0,0,0,3,True
733002,16,849,9987,1,0,3,2,t,r,n,f,j,s,d,0,1,0,0,0,0,1,0,0,0,0,v,1,0,0,0,0,0,0,0,0,0,0,0,2,True
108639,10,90,3395,1,0,3,2,t,r,n,f,j,s,d,0,1,0,0,0,0,1,0,0,0,0,v,1,0,0,0,0,0,0,0,0,0,0,0,2,True
509736,7,238,1318,1,0,3,2,t,r,n,f,j,s,q,0,1,0,0,0,0,0,0,0,0,0,v,1,0,0,0,0,0,0,0,0,0,0,0,2,True
1031094,17,1080,1606,1,0,3,2,t,r,n,f,j,s,q,0,1,0,0,0,0,0,0,0,0,0,v,1,0,0,0,0,0,0,0,0,0,0,0,3,True
1052092,26,1089,4497,1,0,3,2,t,r,n,f,j,t,d,0,1,0,0,0,0,0,0,0,0,0,v,1,0,0,0,0,0,0,0,0,0,0,0,2,True
696804,10,735,10221,1,0,3,2,t,r,n,f,j,t,d,0,1,0,0,0,0,0,0,0,0,0,v,1,0,0,0,0,0,0,0,0,0,0,0,2,True
566160,7,1068,11388,1,0,3,2,t,r,n,f,j,t,d,0,1,0,0,0,0,0,0,0,0,0,v,1,0,0,0,0,0,0,0,0,0,0,0,3,True
107946,4,55,7553,1,0,3,2,t,r,q,f,j,s,d,0,1,0,0,0,0,0,0,0,0,0,v,1,0,0,0,0,0,0,0,0,0,0,0,3,True
697645,8,1073,162,1,0,3,2,t,r,q,f,j,s,d,0,1,0,0,0,0,0,0,0,0,0,v,1,0,0,0,0,0,0,0,0,0,0,0,2,True
444433,21,313,149,1,0,3,2,t,r,q,f,j,s,d,0,1,0,0,0,0,0,0,0,0,0,v,1,0,0,0,0,0,0,0,0,0,0,0,3,True
1000452,26,991,2170,1,0,3,2,t,u,n,v,j,s,d,0,0,0,0,0,1,0,0,0,0,0,a,1,0,0,0,0,0,0,0,0,0,0,0,1,True
863305,26,1001,12258,1,0,3,2,t,u,n,v,j,s,d,0,0,0,0,0,1,0,0,0,0,0,a,1,0,0,0,0,0,0,0,0,0,0,0,1,True
106588,26,1001,11008,1,0,3,2,t,u,n,v,j,s,d,0,0,0,0,0,1,0,0,0,0,0,a,1,0,0,0,0,0,0,0,0,0,0,0,2,True
1033087,26,1001,11008,1,0,3,2,t,u,n,v,j,s,d,0,0,0,0,0,1,0,0,0,0,0,v,1,0,0,0,0,0,0,0,0,0,0,0,2,True
634718,26,1001,11619,1,0,3,2,t,u,n,v,j,s,d,0,0,0,0,0,1,0,0,0,0,0,v,1,0,0,0,0,0,0,0,0,0,0,0,1,True
704721,26,1001,6040,1,0,3,2,t,u,n,v,j,s,d,0,0,0,0,0,1,0,0,0,0,0,v,1,0,0,0,0,0,0,0,0,0,0,0,2,True
732630,26,1089,4497,1,0,3,2,t,u,n,x,j,s,d,0,0,0,0,0,1,0,0,0,0,0,v,1,0,0,0,0,0,0,0,0,0,0,0,2,True
221165,7,157,5181,1,0,3,2,t,u,n,x,j,s,d,0,0,0,0,0,1,0,0,0,0,0,v,1,0,0,0,0,0,0,0,0,0,0,0,1,True
193885,4,514,8137,1,0,3,2,t,w,n,f,j,s,d,0,0,0,0,0,0,0,0,0,0,1,v,1,0,0,0,0,0,0,0,0,0,0,0,1,True
482031,10,1278,11384,1,0,3,2,t,w,n,f,j,s,d,0,0,0,0,0,0,0,0,0,0,1,v,1,0,0,0,0,0,0,0,0,0,0,0,3,True
190584,26,432,7837,1,0,3,2,t,w,n,f,j,s,d,0,0,0,0,0,0,0,0,0,0,1,v,1,0,0,0,0,0,0,0,0,0,0,0,1,True
752579,7,799,5784,1,0,3,2,t,w,n,f,j,s,d,0,0,0,0,0,0,0,0,0,0,1,v,1,0,0,0,0,0,0,0,0,0,0,0,2,True
544708,13,777,3934,1,0,3,2,t,w,n,f,j,s,d,0,0,0,0,0,0,0,1,0,0,0,v,1,0,0,0,0,0,0,0,0,0,0,0,1,True
528191,7,555,2763,1,0,3,2,t,w,n,f,j,s,d,0,0,0,0,0,0,0,1,0,0,0,v,1,0,0,0,0,0,0,0,0,0,0,0,2,True
245420,7,728,4424,1,0,3,2,t,w,n,f,j,s,d,0,0,0,0,0,0,0,1,0,0,0,v,1,0,0,0,0,0,0,0,0,0,0,0,2,True
595158,7,255,3414,1,0,3,2,t,w,n,f,j,s,d,0,0,0,0,0,0,0,1,0,0,0,v,1,0,0,0,0,0,0,0,0,0,0,0,1,True
457603,7,901,3451,1,0,3,2,t,w,n,f,j,s,d,0,0,0,0,0,0,0,1,0,0,0,v,1,0,0,0,0,0,0,0,0,0,0,0,1,True
71756,21,111,10989,1,0,3,2,t,w,n,f,j,s,d,0,0,0,0,0,0,0,1,0,0,0,v,1,0,0,0,0,0,0,0,0,0,0,0,1,True
991550,20,826,1369,1,0,3,2,t,w,n,f,j,s,d,0,0,0,0,0,0,0,1,0,0,0,v,1,0,0,0,0,0,0,0,0,0,0,0,3,True
125345,6,452,8618,1,0,3,2,t,w,n,f,j,s,d,0,0,0,0,0,0,0,1,0,0,0,v,1,0,0,0,0,0,0,0,0,0,0,0,1,True
633822,7,1068,387,1,0,3,2,t,w,n,f,j,s,d,0,0,0,0,0,0,0,1,0,0,0,v,1,0,0,0,0,0,0,0,0,0,0,0,2,True
291451,6,1147,311,1,0,3,2,t,w,n,f,j,s,d,0,0,0,0,0,0,0,1,0,0,0,v,1,0,0,0,0,0,0,0,0,0,0,0,1,True
486146,4,1342,6504,1,0,3,2,t,w,n,f,j,s,d,0,0,0,0,0,0,0,1,0,0,0,v,1,0,0,0,0,0,0,0,0,0,0,0,1,True
740035,7,10,10305,1,0,3,2,t,w,n,f,j,s,d,0,0,0,0,0,0,0,1,0,0,0,v,1,0,0,0,0,0,0,0,0,0,0,0,1,True
675613,7,255,3414,1,0,3,2,t,w,n,f,j,s,d,0,0,0,0,0,0,0,1,0,0,0,v,1,0,0,0,0,0,0,0,0,0,0,0,1,True
763143,13,1142,9676,1,0,3,2,t,w,n,f,j,s,d,0,0,0,0,0,0,0,1,0,0,0,v,1,0,0,0,0,0,0,0,0,0,0,0,1,True
13096,20,826,1369,1,0,3,2,t,w,n,f,j,s,d,0,0,0,0,0,0,0,1,0,0,0,v,1,0,0,0,0,0,0,0,0,0,0,0,1,True
133945,10,1250,8241,1,0,3,2,t,w,n,f,j,s,d,0,0,0,0,0,0,0,1,0,0,1,v,1,0,0,0,0,0,0,0,0,0,0,0,1,True
387342,4,55,2653,1,0,3,2,t,w,n,f,j,s,d,0,0,0,0,0,0,0,1,0,0,1,v,1,0,0,0,0,0,0,0,0,0,0,0,1,True
554520,26,435,10275,1,0,3,2,t,w,n,f,j,s,d,0,0,0,0,0,0,1,0,0,0,0,a,0,0,0,0,0,0,0,0,0,0,0,0,1,True
141923,20,270,12089,1,0,3,2,t,w,n,f,j,s,d,0,0,0,0,0,0,1,0,0,0,0,a,0,0,0,0,0,0,0,0,0,0,0,0,2,True
316389,26,435,6181,1,0,3,2,t,w,n,f,j,s,d,0,0,0,0,0,0,1,0,0,0,0,a,1,0,0,0,0,0,0,0,0,0,0,0,2,True
804266,26,1001,12258,1,0,3,2,t,w,n,f,j,s,d,0,0,0,0,0,0,1,0,0,0,0,a,1,0,0,0,0,0,0,0,0,0,0,0,3,True
186759,26,302,4153,1,0,3,2,t,w,n,f,j,s,d,0,0,0,0,0,0,1,0,0,0,0,v,1,0,0,0,0,0,0,0,0,0,0,0,2,True
19256,26,886,9779,1,0,3,2,t,w,n,f,j,s,d,0,0,0,0,0,0,1,0,0,0,0,v,1,0,0,0,0,0,0,0,0,0,0,0,1,True
287464,10,804,5797,1,0,3,2,t,w,n,f,j,s,d,0,0,0,0,0,0,1,0,0,0,0,v,1,0,0,0,0,0,0,0,0,0,0,0,2,True
171548,26,1001,6574,1,0,3,2,t,w,n,f,j,s,d,0,0,0,0,0,0,1,0,0,0,0,v,1,0,0,0,0,0,0,0,0,0,0,0,2,True
789201,21,611,7019,1,0,3,2,t,w,n,f,j,s,d,0,0,0,0,0,0,1,0,0,0,0,v,1,0,0,0,0,0,0,0,0,0,0,0,1,True
892204,26,991,3006,1,0,3,2,t,w,n,f,j,s,d,0,0,0,0,0,0,1,0,0,0,0,v,1,0,0,0,0,0,0,0,0,0,0,0,2,True
665079,6,1060,11149,1,0,3,2,t,w,n,f,j,s,d,0,0,0,0,0,0,1,0,0,0,0,v,1,0,0,0,0,0,0,0,0,0,0,0,2,True
79470,26,991,3006,1,0,3,2,t,w,n,f,j,s,d,0,0,0,0,0,0,1,0,0,0,0,v,1,0,0,0,0,0,0,0,0,0,0,0,1,True
314240,26,1001,6574,1,0,3,2,t,w,n,f,j,s,d,0,0,0,0,0,0,1,0,0,0,0,v,1,0,0,0,0,0,0,0,0,0,0,0,2,True
886598,26,39,2005,1,0,3,2,t,w,n,f,j,s,d,0,0,0,0,0,0,1,1,0,0,0,a,1,0,0,0,0,0,0,0,0,0,0,0,1,True
725219,26,886,9266,1,0,3,2,t,w,n,f,j,s,d,0,0,0,0,0,0,1,1,0,0,0,a,1,0,0,0,0,0,0,0,0,0,0,0,2,True
536741,20,719,7869,1,0,3,2,t,w,n,f,j,s,d,0,0,0,0,0,0,1,1,0,0,0,a,1,0,0,0,0,0,0,0,0,0,0,0,1,True
386678,20,215,5859,1,0,3,2,t,w,n,f,j,s,d,0,0,0,0,0,0,1,1,0,0,0,a,1,0,0,0,0,0,0,0,0,0,0,0,1,True
306771,26,1401,2557,1,0,3,2,t,w,n,f,j,s,d,0,0,0,0,0,0,1,1,0,0,0,v,1,0,0,0,0,0,0,0,0,0,0,0,1,True
246429,20,214,10977,1,0,3,2,t,w,n,f,j,s,d,0,0,0,0,0,0,1,1,0,0,0,v,1,0,0,0,0,0,0,0,0,0,0,0,1,True
882858,20,1209,4837,1,0,3,2,t,w,n,f,j,s,d,0,0,0,0,0,0,1,1,0,0,0,v,1,0,0,0,0,0,0,0,0,0,0,0,1,True
503297,13,1212,7228,1,0,3,2,t,w,n,f,j,s,d,0,0,0,0,0,0,1,1,0,0,0,v,1,0,0,0,0,0,0,0,0,0,0,0,1,True
871947,20,214,10977,1,0,3,2,t,w,n,f,j,s,d,0,0,0,0,0,0,1,1,0,0,0,v,1,0,0,0,0,0,0,0,0,0,0,0,1,True
52958,20,1209,4837,1,0,3,2,t,w,n,f,j,s,d,0,0,0,0,0,0,1,1,0,0,0,v,1,0,0,0,0,0,0,0,0,0,0,0,1,True
529070,21,611,1180,1,0,3,2,t,w,n,f,j,s,d,0,0,0,0,0,0,1,1,0,0,0,v,1,0,0,0,0,0,0,0,0,0,0,0,1,True
90721,4,144,6158,1,0,3,2,t,w,n,f,j,s,d,0,0,0,0,0,0,1,1,0,0,0,v,1,0,0,0,0,0,0,0,0,0,0,0,1,True
818998,20,261,10900,1,0,3,2,t,w,n,f,j,s,d,0,0,0,0,0,0,1,1,0,0,0,v,1,0,0,0,0,0,0,0,0,0,0,0,1,True
774021,26,1132,6645,1,0,3,2,t,w,n,f,j,t,d,0,0,0,0,0,0,1,0,0,0,0,v,1,0,0,0,0,0,0,0,0,0,0,0,2,True
295286,10,735,519,1,0,3,2,t,w,n,f,j,t,d,0,0,0,0,0,0,1,0,0,0,0,v,1,0,0,0,0,0,0,0,0,0,0,0,1,True
415283,20,953,9111,1,0,3,2,t,w,q,f,j,s,d,0,0,0,0,0,0,1,0,0,0,0,v,1,0,0,0,0,0,0,0,0,0,0,0,2,True
592154,20,953,9111,1,0,3,2,t,w,q,f,j,s,d,0,0,0,0,0,0,1,0,0,0,0,v,1,0,0,0,0,0,0,0,0,0,0,0,2,True
326042,20,953,9111,1,0,3,2,t,w,q,f,j,s,d,0,0,0,0,0,0,1,1,0,0,0,v,1,0,0,0,0,0,0,0,0,0,0,0,2,True
378523,20,953,9111,1,0,3,2,t,w,q,f,j,s,d,0,0,0,0,0,0,1,1,0,0,0,v,1,0,0,0,0,0,0,0,0,0,0,0,3,True
372611,20,953,9111,1,0,3,2,t,w,q,f,j,s,d,0,0,0,0,0,0,1,1,0,0,0,v,1,0,0,0,0,0,0,0,0,0,0,0,2,True
278914,20,953,8190,1,0,3,2,t,w,q,f,j,s,d,0,0,0,0,0,0,1,1,0,0,0,v,1,0,0,0,0,0,0,0,0,0,0,0,3,True
220021,4,1363,4033,1,0,3,3,n,r,n,f,j,s,d,0,1,0,0,0,0,0,0,0,0,0,v,1,0,0,0,0,0,0,0,0,0,0,0,2,True
267927,10,488,7877,1,0,3,3,n,r,n,f,j,s,d,0,1,0,0,0,0,0,0,0,0,0,v,1,0,0,0,0,0,0,0,0,0,0,0,2,True
417225,4,484,11114,1,0,3,3,n,r,n,f,j,s,d,0,1,0,0,0,0,0,0,0,0,0,v,1,0,0,0,0,0,0,0,0,0,0,0,3,True
359879,7,1421,1517,1,0,3,3,n,r,n,f,j,s,d,0,1,0,0,0,0,0,0,0,0,0,v,1,0,0,0,0,0,0,0,0,0,0,0,3,True
993077,4,651,8996,1,0,3,3,n,r,n,f,j,s,d,0,1,0,0,0,0,0,0,0,0,0,v,1,0,0,0,0,0,0,0,0,0,0,0,2,True
202177,8,1073,5748,1,0,3,3,n,r,n,f,j,s,d,0,1,0,0,0,0,0,0,0,0,0,v,1,0,0,0,0,0,0,0,0,0,0,0,2,True
1002276,1,567,211,1,0,3,3,n,r,n,f,j,s,q,0,1,0,0,0,0,0,0,0,0,0,v,1,0,0,0,0,0,0,0,0,0,0,0,3,True
311561,4,1202,7243,1,0,3,3,n,r,n,f,j,s,q,0,1,0,0,0,0,0,0,0,0,0,v,1,0,0,0,0,0,0,0,0,0,0,0,2,True
501344,8,1373,1450,1,0,3,3,n,r,n,f,j,t,d,0,1,0,0,0,0,0,0,0,0,0,v,1,0,0,0,0,0,0,0,0,0,0,0,2,True
148915,10,1407,12475,1,0,3,3,n,r,n,f,j,t,d,0,1,0,0,0,0,0,0,0,0,0,v,1,0,0,0,0,0,0,0,0,0,0,0,2,True
7025,8,1054,2259,1,0,3,3,n,r,n,f,j,t,d,0,1,0,0,0,0,0,0,0,0,0,v,1,0,0,0,0,0,0,0,0,0,0,0,2,True
570906,26,1401,11213,1,0,3,3,n,r,n,v,j,s,d,0,0,0,0,0,1,0,0,0,0,0,v,1,0,0,0,0,0,0,0,0,0,0,0,1,True
356969,26,36,11076,1,0,3,3,n,r,n,v,j,s,d,0,0,0,0,0,1,0,0,0,0,0,v,1,0,0,0,0,0,0,0,0,0,0,0,1,True
52359,20,251,1863,1,0,3,3,n,w,n,f,j,s,d,0,0,0,0,0,0,0,1,0,0,0,r,1,0,0,0,0,0,0,0,0,0,0,0,2,True
135238,20,251,1863,1,0,3,3,n,w,n,f,j,s,d,0,0,0,0,0,0,0,1,0,0,0,r,1,0,0,0,0,0,0,0,0,0,0,0,3,True
829627,26,1050,11056,1,0,3,3,n,w,n,f,j,s,d,0,0,0,0,0,0,1,0,0,0,0,a,1,0,0,0,0,0,0,0,0,0,0,0,1,True
143192,26,1001,12258,1,0,3,3,n,w,n,f,j,s,d,0,0,0,0,0,0,1,0,0,0,0,a,1,0,0,0,0,0,0,0,0,0,0,0,2,True
11032,26,1050,11056,1,0,3,3,n,w,n,f,j,s,d,0,0,0,0,0,0,1,0,0,0,0,a,1,0,0,0,0,0,0,0,0,0,0,0,1,True
125109,4,512,12457,1,0,3,3,n,w,n,f,j,s,d,0,0,0,0,0,0,1,0,0,0,0,v,1,0,0,0,0,0,0,0,0,0,0,0,1,True
414984,26,432,6794,1,0,3,3,n,w,n,f,j,s,d,0,0,0,0,0,0,1,0,0,0,0,v,1,0,0,0,0,0,0,0,0,0,0,0,1,True
108792,26,1050,6937,1,0,3,3,n,w,n,f,j,s,d,0,0,0,0,0,0,1,0,0,0,0,v,1,0,0,0,0,0,0,0,0,0,0,0,1,True
195223,8,912,58,1,0,3,3,t,h,n,f,j,s,d,0,0,0,0,0,0,0,0,0,0,1,v,1,0,0,0,0,0,0,0,0,0,0,0,1,True
432639,7,746,10603,1,0,3,3,t,h,n,f,j,s,d,0,0,0,0,0,0,0,0,0,0,1,v,1,0,0,0,0,0,0,0,0,0,0,0,1,True
264037,11,660,1758,1,0,3,3,t,i,x,v,j,t,d,0,0,0,0,0,0,0,0,1,0,0,v,0,0,0,0,0,0,0,0,0,0,0,0,1,True
402590,10,996,7797,1,0,3,3,t,i,x,v,j,t,d,0,0,0,0,0,0,0,0,1,0,0,v,0,0,0,0,0,0,0,0,0,0,0,0,1,True
91907,7,84,5034,1,0,3,3,t,r,n,f,j,s,d,0,0,0,0,0,0,1,1,0,0,0,v,1,0,0,0,0,0,0,0,0,0,0,0,1,True
607077,6,994,10345,1,0,3,3,t,r,n,f,j,s,d,0,0,0,0,0,0,1,1,0,0,0,v,1,0,0,0,0,0,0,0,0,0,0,0,2,True
650586,26,491,7288,1,0,3,3,t,r,n,f,j,s,d,0,0,0,0,0,0,1,1,0,0,0,v,1,0,0,0,0,0,0,0,0,0,0,0,2,True
867610,10,356,263,1,0,3,3,t,r,n,f,j,s,d,0,0,0,0,0,1,0,0,0,0,0,v,1,0,0,0,0,0,0,0,0,0,0,0,1,True
1043358,10,1397,3786,1,0,3,3,t,r,n,f,j,s,d,0,0,0,0,0,1,0,0,0,0,0,v,1,0,0,0,0,0,0,0,0,0,0,0,2,True
809600,26,1401,7795,1,0,3,3,t,r,n,f,j,s,d,0,0,0,0,0,1,0,0,0,0,0,v,1,0,0,0,0,0,0,0,0,0,0,0,1,True
597886,6,1289,10021,1,0,3,3,t,r,n,f,j,s,d,0,1,0,0,0,0,0,0,0,0,0,v,0,0,0,0,0,0,0,0,0,0,0,0,1,True
1029033,26,1023,9635,1,0,3,3,t,r,n,f,j,s,d,0,1,0,0,0,0,0,0,0,0,0,v,0,0,0,0,0,0,0,0,0,0,0,0,3,True
315694,26,1085,5412,1,0,3,3,t,r,n,f,j,s,d,0,1,0,0,0,0,0,0,0,0,0,v,0,0,0,0,0,0,0,0,0,0,0,0,3,True
637955,7,255,3414,1,0,3,3,t,r,n,f,j,s,d,0,1,0,0,0,0,0,0,0,0,0,v,0,0,0,0,0,0,0,0,0,0,0,0,1,True
959523,12,667,9872,1,0,3,3,t,r,n,f,j,s,d,0,1,0,0,0,0,0,0,0,0,0,v,0,0,0,0,0,0,0,0,0,0,0,0,1,True
362781,4,91,9806,1,0,3,3,t,r,n,f,j,s,d,0,1,0,0,0,0,0,0,0,0,0,v,0,0,0,0,0,0,0,0,0,0,0,0,2,True
444875,4,474,11710,1,0,3,3,t,r,n,f,j,s,d,0,1,0,0,0,0,0,0,0,0,0,v,1,0,0,0,0,0,0,0,0,0,0,0,2,True
452585,7,258,12275,1,0,3,3,t,r,n,f,j,s,d,0,1,0,0,0,0,0,0,0,0,0,v,1,0,0,0,0,0,0,0,0,0,0,0,3,True
239707,18,466,1834,1,0,3,3,t,r,n,f,j,s,d,0,1,0,0,0,0,0,0,0,0,0,v,1,0,0,0,0,0,0,0,0,0,0,0,3,True
456316,1,1137,12461,1,0,3,3,t,r,n,f,j,s,d,0,1,0,0,0,0,0,0,0,0,0,v,1,0,0,0,0,0,0,0,0,0,0,0,1,True
633119,25,58,9440,1,0,3,3,t,r,n,f,j,s,d,0,1,0,0,0,0,0,0,0,0,0,v,1,0,0,0,0,0,0,0,0,0,0,0,2,True
895852,10,1127,10580,1,0,3,3,t,r,n,f,j,s,d,0,1,0,0,0,0,0,0,0,0,0,v,1,0,0,0,0,0,0,0,0,0,0,0,3,True
1012171,7,799,1813,1,0,3,3,t,r,n,f,j,s,d,0,1,0,0,0,0,0,0,0,0,0,v,1,0,0,0,0,0,0,0,0,0,0,0,3,True
465967,21,336,11426,1,0,3,3,t,r,n,f,j,s,d,0,1,0,0,0,0,0,0,0,0,0,v,1,0,0,0,0,0,0,0,0,0,0,0,2,True
564934,10,405,10686,1,0,3,3,t,r,n,f,j,s,d,0,1,0,0,0,0,0,0,0,0,0,v,1,0,0,0,0,0,0,0,0,0,0,0,2,True
149619,1,987,3478,1,0,3,3,t,r,n,f,j,s,d,0,1,0,0,0,0,0,0,0,0,0,v,1,0,0,0,0,0,0,0,0,0,0,0,1,True
877135,7,1188,7484,1,0,3,3,t,r,n,f,j,s,d,0,1,0,0,0,0,0,0,0,0,0,v,1,0,0,0,0,0,0,0,0,0,0,0,3,True
336524,5,1318,2205,1,0,3,3,t,r,n,f,j,s,d,0,1,0,0,0,0,0,0,0,0,0,v,1,0,0,0,0,0,0,0,0,0,0,0,3,True
583154,13,1211,9095,1,0,3,3,t,r,n,f,j,s,d,0,1,0,0,0,0,0,0,0,0,0,v,1,0,0,0,0,0,0,0,0,0,0,0,1,True
469114,10,70,5834,1,0,3,3,t,r,n,f,j,s,d,0,1,0,0,0,0,0,0,0,0,0,v,1,0,0,0,0,0,0,0,0,0,0,0,2,True
295748,30,73,5721,1,0,3,3,t,r,n,f,j,s,d,0,1,0,0,0,0,0,0,0,0,0,v,1,0,0,0,0,0,0,0,0,0,0,0,2,True
584669,16,1133,10421,1,0,3,3,t,r,n,f,j,s,d,0,1,0,0,0,0,0,0,0,0,0,v,1,0,0,0,0,0,0,0,0,0,0,0,2,True
751223,8,767,8613,1,0,3,3,t,r,n,f,j,s,d,0,1,0,0,0,0,0,0,0,0,0,v,1,0,0,0,0,0,0,0,0,0,0,0,2,True
211166,7,1273,9900,1,0,3,3,t,r,n,f,j,s,d,0,1,0,0,0,0,0,0,0,0,0,v,1,0,0,0,0,0,0,0,0,0,0,0,1,True
289486,10,575,641,1,0,3,3,t,r,n,f,j,s,d,0,1,0,0,0,0,0,0,0,0,0,v,1,0,0,0,0,0,0,0,0,0,0,0,2,True
486507,6,830,169,1,0,3,3,t,r,n,f,j,s,d,0,1,0,0,0,0,0,0,0,0,0,v,1,0,0,0,0,0,0,0,0,0,0,0,2,True
838814,16,1133,9761,1,0,3,3,t,r,n,f,j,s,d,0,1,0,0,0,0,0,0,0,0,0,v,1,0,0,0,0,0,0,0,0,0,0,0,2,True
536796,21,819,1079,1,0,3,3,t,r,n,f,j,s,d,0,1,0,0,0,0,0,0,0,0,0,v,1,0,0,0,0,0,0,0,0,0,0,0,3,True
206524,7,936,11717,1,0,3,3,t,r,n,f,j,s,d,0,1,0,0,0,0,0,0,0,0,0,v,1,0,0,0,0,0,0,0,0,0,0,0,1,True
766964,8,1373,8621,1,0,3,3,t,r,n,f,j,s,d,0,1,0,0,0,0,0,0,0,0,0,v,1,0,0,0,0,0,0,0,0,0,0,0,3,True
324658,17,446,9654,1,0,3,3,t,r,n,f,j,s,d,0,1,0,0,0,0,0,0,0,0,0,v,1,0,0,0,0,0,0,0,0,0,0,0,3,True
145164,10,105,6939,1,0,3,3,t,r,n,f,j,s,d,0,1,0,0,0,0,0,0,0,0,0,v,1,0,0,0,0,0,0,0,0,0,0,0,3,True
18734,4,144,10019,1,0,3,3,t,r,n,f,j,s,d,0,1,0,0,0,0,0,0,0,0,0,v,1,0,0,0,0,0,0,0,0,0,0,0,3,True
873550,13,221,2395,1,0,3,3,t,r,n,f,j,s,d,0,1,0,0,0,0,0,0,0,0,0,v,1,0,0,0,0,0,0,0,0,0,0,0,3,True
84460,7,10,6727,1,0,3,3,t,r,n,f,j,s,d,0,1,0,0,0,0,0,0,0,0,0,v,1,0,0,0,0,0,0,0,0,0,0,0,2,True
602840,13,634,10142,1,0,3,3,t,r,n,f,j,s,d,0,1,0,0,0,0,0,0,0,0,0,v,1,0,0,0,0,0,0,0,0,0,0,0,2,True
155823,13,909,2315,1,0,3,3,t,r,n,f,j,s,d,0,1,0,0,0,0,0,0,0,0,0,v,1,0,0,0,0,0,0,0,0,0,0,0,2,True
329983,7,545,2929,1,0,3,3,t,r,n,f,j,s,d,0,1,0,0,0,0,0,0,0,0,0,v,1,0,0,0,0,0,0,0,0,0,0,0,2,True
850281,6,54,7172,1,0,3,3,t,r,n,f,j,s,d,0,1,0,0,0,0,1,0,0,0,0,v,1,0,0,0,0,0,0,0,0,0,0,0,3,True
863063,10,690,10356,1,0,3,3,t,r,n,f,j,s,d,0,1,0,0,0,0,1,0,0,0,0,v,1,0,0,0,0,0,0,0,0,0,0,0,3,True
696352,25,286,3849,1,0,3,3,t,r,n,f,j,s,d,0,1,0,0,0,0,1,0,0,0,0,v,1,0,0,0,0,0,0,0,0,0,0,0,2,True
852588,6,994,475,1,0,3,3,t,r,n,f,j,s,d,0,1,0,0,0,0,1,0,0,0,0,v,1,0,0,0,0,0,0,0,0,0,0,0,2,True
763284,7,746,3641,1,0,3,3,t,r,n,f,j,s,d,0,1,0,0,0,0,1,0,0,0,0,v,1,0,0,0,0,0,0,0,0,0,0,0,2,True
1019678,21,937,12396,1,0,3,3,t,r,n,f,j,s,d,0,1,0,0,0,0,1,0,0,0,0,v,1,0,0,0,0,0,0,0,0,0,0,0,3,True
687793,25,889,7922,1,0,3,3,t,r,n,f,j,s,d,0,1,0,0,0,0,1,1,0,0,0,v,1,0,0,0,0,0,0,0,0,0,0,0,3,True
1049040,7,108,10202,1,0,3,3,t,r,n,f,j,s,d,0,1,0,0,0,0,1,1,0,0,0,v,1,0,0,0,0,0,0,0,0,0,0,0,2,True
623523,15,1087,6801,1,0,3,3,t,r,n,f,j,s,d,0,1,0,0,0,0,1,1,0,0,0,v,1,0,0,0,0,0,0,0,0,0,0,0,2,True
486465,7,545,2929,1,0,3,3,t,r,n,f,j,t,d,0,1,0,0,0,0,0,0,0,0,0,v,0,0,0,0,0,0,0,0,0,0,0,0,1,True
36927,7,157,1763,1,0,3,3,t,r,n,f,j,t,d,0,1,0,0,0,0,0,0,0,0,0,v,0,0,0,0,0,0,0,0,0,0,0,0,3,True
354177,6,724,3234,1,0,3,3,t,r,n,f,j,t,d,0,1,0,0,0,0,0,0,0,0,0,v,1,0,0,0,0,0,0,0,0,0,0,0,2,True
975151,4,514,8137,1,0,3,3,t,r,n,f,j,t,d,0,1,0,0,0,0,0,0,0,0,0,v,1,0,0,0,0,0,0,0,0,0,0,0,3,True
189002,17,446,11687,1,0,3,3,t,r,n,f,j,t,d,0,1,0,0,0,0,0,0,0,0,0,v,1,0,0,0,0,0,0,0,0,0,0,0,3,True
1013334,17,446,11687,1,0,3,3,t,r,n,f,j,t,d,0,1,0,0,0,0,0,0,0,0,0,v,1,0,0,0,0,0,0,0,0,0,0,0,3,True
119296,8,463,8236,1,0,3,3,t,r,n,f,j,t,d,0,1,0,0,0,0,0,0,0,0,0,v,1,0,0,0,0,0,0,0,0,0,0,0,3,True
267689,8,1004,7498,1,0,3,3,t,r,n,f,j,t,d,0,1,0,0,0,0,0,0,0,0,0,v,1,0,0,0,0,0,0,0,0,0,0,0,3,True
214746,7,108,10202,1,0,3,3,t,r,n,f,j,t,d,0,1,0,0,0,0,1,0,0,0,0,v,1,0,0,0,0,0,0,0,0,0,0,0,2,True
1043157,7,1328,2949,1,0,3,3,t,r,n,f,j,t,d,0,1,0,0,0,0,1,0,0,0,0,v,1,0,0,0,0,0,0,0,0,0,0,0,2,True
902616,8,979,3665,1,0,3,3,t,r,n,f,j,t,d,0,1,0,0,0,0,1,0,0,0,0,v,1,0,0,0,0,0,0,0,0,0,0,0,2,True
105425,18,1092,4261,1,0,3,3,t,r,n,f,j,t,q,0,1,0,0,0,0,0,0,0,0,0,v,1,0,0,0,0,0,0,0,0,0,0,0,3,True
876255,4,1202,7243,1,0,3,3,t,r,n,f,j,t,q,0,1,0,0,0,0,0,0,0,0,0,v,1,0,0,0,0,0,0,0,0,0,0,0,2,True
893545,9,230,5553,1,0,3,3,t,r,n,f,q,s,d,0,1,0,0,0,0,0,0,0,0,0,v,1,0,0,0,0,0,0,0,0,0,0,0,2,True
697255,1,65,1173,1,0,3,3,t,r,n,f,q,s,d,0,1,0,0,0,0,0,0,0,0,0,v,1,0,0,0,0,0,0,0,0,0,0,0,1,True
821748,9,230,5553,1,0,3,3,t,r,n,f,q,s,d,0,1,0,0,0,0,0,0,0,0,0,v,1,0,0,0,0,0,0,0,0,0,0,0,2,True
815262,26,36,6436,1,0,3,3,t,r,n,v,j,s,d,0,0,0,0,0,1,0,0,0,0,0,v,1,0,0,0,0,0,0,0,0,0,0,0,3,True
423337,10,1397,3786,1,0,3,3,t,r,n,v,j,s,d,0,0,0,0,0,1,0,0,0,0,0,v,1,0,0,0,0,0,0,0,0,0,0,0,1,True
1011291,26,1050,11785,1,0,3,3,t,r,n,v,j,s,d,0,0,0,0,0,1,0,0,0,0,0,v,1,0,0,0,0,0,0,0,0,0,0,0,1,True
303023,26,1023,9865,1,0,3,3,t,r,n,v,j,s,d,0,0,0,0,0,1,0,0,0,0,0,v,1,0,0,0,0,0,0,0,0,0,0,0,1,True
125567,26,36,7472,1,0,3,3,t,r,n,v,j,s,d,0,0,0,0,0,1,0,0,0,0,0,v,1,0,0,0,0,0,0,0,0,0,0,0,2,True
169851,26,1023,9865,1,0,3,3,t,r,n,v,j,t,d,0,0,0,0,0,1,0,0,0,0,0,v,1,0,0,0,0,0,0,0,0,0,0,0,2,True
218013,26,36,5318,1,0,3,3,t,r,n,v,j,t,d,0,0,0,0,0,1,0,0,0,0,0,v,1,0,0,0,0,0,0,0,0,0,0,0,2,True
22523,7,728,4424,1,0,3,3,t,r,n,x,j,s,d,0,0,0,0,1,0,0,0,0,0,0,v,1,1,0,1,0,0,0,0,0,0,0,0,2,True
826284,7,545,3508,1,0,3,3,t,r,n,x,j,s,d,0,0,0,0,1,0,0,0,0,0,0,v,1,1,0,1,0,0,0,0,0,0,0,0,2,True
615142,21,345,5371,1,0,3,3,t,r,q,f,j,s,d,0,1,0,0,0,0,0,0,0,0,0,v,1,0,0,0,0,0,0,0,0,0,0,0,3,True
887852,17,1393,1382,1,0,3,3,t,r,q,f,j,s,d,0,1,0,0,0,0,0,0,0,0,0,v,1,0,0,0,0,0,0,0,0,0,0,0,3,True
170755,20,158,9229,1,0,3,3,t,r,q,f,j,s,d,0,1,0,0,0,0,0,1,0,0,0,v,1,0,0,0,0,0,0,0,0,0,0,0,1,True
146351,20,158,9229,1,0,3,3,t,r,q,f,j,s,d,0,1,0,0,0,0,0,1,0,0,0,v,1,0,0,0,0,0,0,0,0,0,0,0,1,True
823154,4,1276,4902,1,0,3,3,t,r,q,f,j,s,d,0,1,0,0,0,0,1,1,0,0,0,v,1,0,0,0,0,0,0,0,0,0,0,0,3,True
515943,20,1112,890,1,0,3,3,t,r,q,f,j,s,d,0,1,0,0,0,0,1,1,0,0,0,v,1,0,0,0,0,0,0,0,0,0,0,0,2,True
737540,26,1023,11319,1,0,3,3,t,u,n,v,j,s,d,0,0,0,0,0,1,0,0,0,0,0,v,0,0,0,0,0,0,0,0,0,0,0,0,1,True
642517,26,39,9133,1,0,3,3,t,u,n,v,j,s,d,0,0,0,0,0,1,0,0,0,0,0,v,0,0,0,0,0,0,0,0,0,0,0,0,1,True
185164,20,158,621,1,0,3,3,t,u,n,v,j,s,d,0,0,0,0,0,1,0,0,0,0,0,v,1,0,0,0,0,0,0,0,0,0,0,0,1,True
861449,10,661,5931,1,0,3,3,t,u,n,v,j,s,d,0,0,0,0,0,1,0,0,0,0,0,v,1,0,0,0,0,0,0,0,0,0,0,0,1,True
329185,26,1023,9635,1,0,3,3,t,u,n,v,j,s,d,0,0,0,0,0,1,0,0,0,0,0,v,1,0,0,0,0,0,0,0,0,0,0,0,1,True
159270,26,397,2599,1,0,3,3,t,u,n,v,j,s,d,0,0,0,0,0,1,0,0,0,0,0,v,1,0,0,0,0,0,0,0,0,0,0,0,1,True
706344,26,36,11590,1,0,3,3,t,u,n,x,j,s,d,0,0,0,0,0,1,0,0,0,0,0,v,1,0,0,0,0,0,0,0,0,0,0,0,1,True
786569,10,337,2194,1,0,3,3,t,u,n,x,j,s,d,0,0,0,0,0,1,0,0,0,0,0,v,1,0,0,0,0,0,0,0,0,0,0,0,1,True
506393,26,39,10445,1,0,3,3,t,u,n,x,j,s,d,0,0,0,0,0,1,0,0,0,0,0,v,1,0,0,0,0,0,0,0,0,0,0,0,1,True
984789,26,36,11590,1,0,3,3,t,u,n,x,j,s,d,0,0,0,0,0,1,0,0,0,0,0,v,1,0,0,0,0,0,0,0,0,0,0,0,1,True
691308,7,157,10036,1,0,3,3,t,u,n,x,j,s,d,0,0,0,0,0,1,0,0,0,0,0,v,1,0,0,0,0,0,0,0,0,0,0,0,2,True
764839,9,546,1993,1,0,3,3,t,u,n,x,j,s,d,0,0,0,0,0,1,0,0,0,0,0,v,1,0,0,0,0,0,0,0,0,0,0,0,2,True
140556,26,36,11590,1,0,3,3,t,u,n,x,j,s,d,0,0,0,0,0,1,0,0,0,0,0,v,1,0,0,0,0,0,0,0,0,0,0,0,1,True
1026430,26,36,11590,1,0,3,3,t,u,n,x,j,s,d,0,0,0,0,0,1,0,0,0,0,0,v,1,0,0,0,0,0,0,0,0,0,0,0,1,True
497960,7,157,9272,1,0,3,3,t,w,n,f,j,s,d,0,0,0,0,0,0,0,0,0,0,1,v,1,0,0,0,0,0,0,0,0,0,0,0,2,True
224894,7,728,9659,1,0,3,3,t,w,n,f,j,s,d,0,0,0,0,0,0,0,0,0,0,1,v,1,0,0,0,0,0,0,0,0,0,0,0,1,True
249306,7,157,10624,1,0,3,3,t,w,n,f,j,s,d,0,0,0,0,0,0,0,1,0,0,0,v,1,0,0,0,0,0,0,0,0,0,0,0,1,True
946748,7,255,3414,1,0,3,3,t,w,n,f,j,s,d,0,0,0,0,0,0,0,1,0,0,0,v,1,0,0,0,0,0,0,0,0,0,0,0,1,True
1022650,20,922,11762,1,0,3,3,t,w,n,f,j,s,d,0,0,0,0,0,0,0,1,0,0,0,v,1,0,0,0,0,0,0,0,0,0,0,0,2,True
236831,13,1141,2728,1,0,3,3,t,w,n,f,j,s,d,0,0,0,0,0,0,0,1,0,0,0,v,1,0,0,0,0,0,0,0,0,0,0,0,1,True
162978,7,799,944,1,0,3,3,t,w,n,f,j,s,d,0,0,0,0,0,0,0,1,0,0,0,v,1,0,0,0,0,0,0,0,0,0,0,0,1,True
476992,20,385,7618,1,0,3,3,t,w,n,f,j,s,d,0,0,0,0,0,0,0,1,0,0,0,v,1,0,0,0,0,0,0,0,0,0,0,0,1,True
180934,26,1001,12258,1,0,3,3,t,w,n,f,j,s,d,0,0,0,0,0,0,1,0,0,0,0,a,0,0,0,0,0,0,0,0,0,0,0,0,1,True
853927,26,1001,12258,1,0,3,3,t,w,n,f,j,s,d,0,0,0,0,0,0,1,0,0,0,0,a,0,0,0,0,0,0,0,0,0,0,0,0,1,True
390126,26,1001,12258,1,0,3,3,t,w,n,f,j,s,d,0,0,0,0,0,0,1,0,0,0,0,a,1,0,0,0,0,0,0,0,0,0,0,0,1,True
418602,26,1001,12258,1,0,3,3,t,w,n,f,j,s,d,0,0,0,0,0,0,1,0,0,0,0,a,1,0,0,0,0,0,0,0,0,0,0,0,1,True
765543,26,1001,12258,1,0,3,3,t,w,n,f,j,s,d,0,0,0,0,0,0,1,0,0,0,0,a,1,0,0,0,0,0,0,0,0,0,0,0,1,True
100647,26,886,12157,1,0,3,3,t,w,n,f,j,s,d,0,0,0,0,0,0,1,0,0,0,0,a,1,0,0,0,0,0,0,0,0,0,0,0,2,True
10375,26,919,8067,1,0,3,3,t,w,n,f,j,s,d,0,0,0,0,0,0,1,0,0,0,0,v,0,0,0,0,0,0,0,0,0,0,0,0,1,True
922278,26,36,7472,1,0,3,3,t,w,n,f,j,s,d,0,0,0,0,0,0,1,0,0,0,0,v,0,0,0,0,0,0,0,0,0,0,0,0,3,True
303601,4,71,8753,1,0,3,3,t,w,n,f,j,s,d,0,0,0,0,0,0,1,0,0,0,0,v,0,0,0,0,0,0,0,0,0,0,0,0,1,True
255770,20,158,4322,1,0,3,3,t,w,n,f,j,s,d,0,0,0,0,0,0,1,0,0,0,0,v,1,0,0,0,0,0,0,0,0,0,0,0,1,True
1008872,26,886,994,1,0,3,3,t,w,n,f,j,s,d,0,0,0,0,0,0,1,0,0,0,0,v,1,0,0,0,0,0,0,0,0,0,0,0,1,True
187894,26,1001,6366,1,0,3,3,t,w,n,f,j,s,d,0,0,0,0,0,0,1,0,0,0,0,v,1,0,0,0,0,0,0,0,0,0,0,0,1,True
503734,26,36,8789,1,0,3,3,t,w,n,f,j,s,d,0,0,0,0,0,0,1,0,0,0,0,v,1,0,0,0,0,0,0,0,0,0,0,0,1,True
702687,26,36,8789,1,0,3,3,t,w,n,f,j,s,d,0,0,0,0,0,0,1,0,0,0,0,v,1,0,0,0,0,0,0,0,0,0,0,0,1,True
979035,26,36,8789,1,0,3,3,t,w,n,f,j,s,d,0,0,0,0,0,0,1,0,0,0,0,v,1,0,0,0,0,0,0,0,0,0,0,0,1,True
596270,26,302,5868,1,0,3,3,t,w,n,f,j,s,d,0,0,0,0,0,0,1,0,0,0,0,v,1,0,0,0,0,0,0,0,0,0,0,0,1,True
850166,26,991,47,1,0,3,3,t,w,n,f,j,s,d,0,0,0,0,0,0,1,0,0,0,0,v,1,0,0,0,0,0,0,0,0,0,0,0,3,True
769066,20,1021,2035,1,0,3,3,t,w,n,f,j,s,d,0,0,0,0,0,0,1,0,0,0,0,v,1,0,0,0,0,0,0,0,0,0,0,0,3,True
863902,7,800,9137,1,0,3,3,t,w,n,f,j,s,d,0,0,0,0,0,0,1,0,0,0,0,v,1,0,0,0,0,0,0,0,0,0,0,0,3,True
598945,26,991,1452,1,0,3,3,t,w,n,f,j,s,d,0,0,0,0,0,0,1,0,0,0,0,v,1,0,0,0,0,0,0,0,0,0,0,0,1,True
494529,26,1001,6366,1,0,3,3,t,w,n,f,j,s,d,0,0,0,0,0,0,1,0,0,0,0,v,1,0,0,0,0,0,0,0,0,0,0,0,1,True
995020,6,460,9258,1,0,3,3,t,w,n,f,j,s,d,0,0,0,0,0,0,1,0,0,0,0,v,1,0,0,0,0,0,0,0,0,0,0,0,1,True
830411,26,886,994,1,0,3,3,t,w,n,f,j,s,d,0,0,0,0,0,0,1,0,0,0,0,v,1,0,0,0,0,0,0,0,0,0,0,0,1,True
239185,26,896,11617,1,0,3,3,t,w,n,f,j,s,d,0,0,0,0,0,0,1,0,0,0,0,v,1,0,0,0,0,0,0,0,0,0,0,0,1,True
315503,26,397,11031,1,0,3,3,t,w,n,f,j,s,d,0,0,0,0,0,0,1,1,0,0,0,v,1,0,0,0,0,0,0,0,0,0,0,0,1,True
43387,10,105,3848,1,0,3,3,t,w,n,f,j,s,d,0,0,0,0,0,0,1,1,0,0,0,v,1,0,0,0,0,0,0,0,0,0,0,0,3,True
24646,4,1202,5735,1,0,3,3,t,w,n,f,j,s,d,0,0,0,0,0,0,1,1,0,0,0,v,1,0,0,0,0,0,0,0,0,0,0,0,2,True
297032,10,105,3848,1,0,3,3,t,w,n,f,j,s,d,0,0,0,0,0,0,1,1,0,0,0,v,1,0,0,0,0,0,0,0,0,0,0,0,1,True
388058,6,994,475,1,0,3,3,t,w,n,f,j,s,d,0,0,0,0,0,0,1,1,0,0,0,v,1,0,0,0,0,0,0,0,0,0,0,0,2,True
305355,20,1209,4719,1,0,3,3,t,w,n,f,j,s,d,0,0,0,0,0,0,1,1,0,0,0,v,1,0,0,0,0,0,0,0,0,0,0,0,1,True
157357,20,385,11289,1,0,3,3,t,w,n,f,j,s,d,0,0,0,0,0,0,1,1,0,0,0,v,1,0,0,0,0,0,0,0,0,0,0,0,1,True
308584,26,1377,2633,1,0,3,3,t,w,n,f,j,s,d,0,0,0,0,0,0,1,1,0,0,0,v,1,0,0,0,0,0,0,0,0,0,0,0,2,True
335817,26,302,5339,1,0,3,3,t,w,n,f,j,s,d,0,0,0,0,0,0,1,1,0,0,0,v,1,0,0,0,0,0,0,0,0,0,0,0,2,True
747116,15,1087,6801,1,0,3,3,t,w,n,f,j,s,d,0,0,0,0,0,0,1,1,0,0,0,v,1,0,0,0,0,0,0,0,0,0,0,0,2,True
712576,6,187,2991,1,0,3,3,t,w,n,f,j,s,d,0,0,0,0,0,0,1,1,0,0,0,v,1,0,0,0,0,0,0,0,0,0,0,0,2,True
405113,25,889,1339,1,0,3,3,t,w,n,f,j,s,d,0,0,0,0,0,0,1,1,0,0,0,v,1,0,0,0,0,0,0,0,0,0,0,0,1,True
447674,20,1217,4420,1,0,3,3,t,w,n,f,j,s,d,0,0,0,0,0,0,1,1,0,0,0,v,1,0,0,0,0,0,0,0,0,0,0,0,1,True
639052,20,173,3258,1,0,3,3,t,w,n,f,j,s,d,1,0,0,0,0,0,0,1,0,0,0,v,1,0,0,0,0,0,0,0,0,0,0,0,3,True
620828,26,919,9760,1,0,3,3,t,w,n,f,j,s,d,1,0,0,0,0,0,0,1,0,0,0,v,1,0,0,0,0,0,0,0,0,0,0,0,2,True
882838,13,407,6922,1,0,3,3,t,w,n,f,j,s,q,0,0,0,0,0,0,0,1,0,0,0,v,1,0,0,0,0,0,0,0,0,0,0,0,1,True
460844,7,936,7115,1,0,3,3,t,w,n,f,j,s,q,0,0,0,0,0,0,0,1,0,0,0,v,1,0,0,0,0,0,0,0,0,0,0,0,1,True
303383,26,896,2555,1,0,3,3,t,w,n,f,j,s,q,0,0,0,0,0,0,1,0,0,0,0,v,1,0,0,0,0,0,0,0,0,0,0,0,1,True
487970,8,696,4513,1,0,3,3,t,w,n,f,j,s,q,0,0,0,0,0,0,1,0,0,0,0,v,1,0,0,0,0,0,0,0,0,0,0,0,1,True
247798,20,215,995,1,0,3,3,t,w,q,f,j,s,d,0,0,0,0,0,0,0,1,0,0,0,a,1,0,0,0,0,0,0,0,0,0,0,0,2,True
631871,20,215,995,1,0,3,3,t,w,q,f,j,s,d,0,0,0,0,0,0,0,1,0,0,0,a,1,0,0,0,0,0,0,0,0,0,0,0,2,True
690498,13,909,515,1,0,3,3,t,w,q,f,j,s,d,0,0,0,0,0,0,0,1,0,0,0,v,1,0,0,0,0,0,0,0,0,0,0,0,2,True
252557,20,158,9229,1,0,3,3,t,w,q,f,j,s,d,0,0,0,0,0,0,0,1,0,0,0,v,1,0,0,0,0,0,0,0,0,0,0,0,1,True
798362,26,761,8216,1,0,3,3,t,w,q,f,j,s,d,0,0,0,0,0,0,0,1,0,0,0,v,1,0,0,0,0,0,0,0,0,0,0,0,1,True
137121,20,508,3654,1,0,3,3,t,w,q,f,j,s,d,0,0,0,0,0,0,0,1,0,0,0,v,1,0,0,0,0,0,0,0,0,0,0,0,2,True
423050,26,36,8789,1,0,3,3,t,w,q,f,j,s,d,0,0,0,0,0,0,1,0,0,0,0,v,1,0,0,0,0,0,0,0,0,0,0,0,1,True
597522,26,39,10445,1,0,3,3,t,w,q,f,j,s,d,0,0,0,0,0,0,1,0,0,0,0,v,1,0,0,0,0,0,0,0,0,0,0,0,3,True
433069,26,1377,2633,1,0,3,3,t,w,q,f,j,s,d,0,0,0,0,0,0,1,0,0,0,0,v,1,0,0,0,0,0,0,0,0,0,0,0,2,True
786136,20,190,9386,1,0,3,3,t,w,q,f,j,s,d,0,0,0,0,0,0,1,1,0,0,0,a,1,0,0,0,0,0,0,0,0,0,0,0,3,True
345953,20,254,8540,1,0,3,3,t,w,q,f,j,s,d,0,0,0,0,0,0,1,1,0,0,0,a,1,0,0,0,0,0,0,0,0,0,0,0,2,True
1011384,20,215,8668,1,0,3,3,t,w,q,f,j,s,d,0,0,0,0,0,0,1,1,0,0,0,a,1,0,0,0,0,0,0,0,0,0,0,0,1,True
709565,20,953,1583,1,0,3,3,t,w,q,f,j,s,d,0,0,0,0,0,0,1,1,0,0,0,v,1,0,0,0,0,0,0,0,0,0,0,0,2,True
439811,26,1377,2633,1,0,3,3,t,w,q,f,j,s,d,0,0,0,0,0,0,1,1,0,0,0,v,1,0,0,0,0,0,0,0,0,0,0,0,1,True
962580,20,173,3258,1,0,3,3,t,w,q,f,j,s,d,1,0,0,0,0,0,1,1,0,0,0,v,0,0,0,0,0,0,0,0,0,0,0,0,1,True
229006,20,173,3258,1,0,3,3,t,w,q,f,j,s,d,1,0,0,0,0,0,1,1,0,0,0,v,0,0,0,0,0,0,0,0,0,0,0,0,1,True
808395,8,433,4952,1,0,3,4,o,r,n,f,j,s,d,0,1,0,0,0,0,0,0,0,0,0,v,1,0,0,0,0,0,0,0,0,0,0,0,3,True
337720,26,1089,930,1,0,3,4,o,r,n,f,j,s,d,0,1,0,0,0,0,0,0,0,0,0,v,1,0,0,0,0,0,0,0,0,0,0,0,2,True
384557,18,371,7786,1,0,3,4,t,h,n,f,j,s,d,0,0,1,0,0,0,1,0,0,0,0,v,1,0,0,0,0,0,0,0,0,0,0,0,2,True
154241,18,371,7786,1,0,3,4,t,h,n,f,j,s,d,0,0,1,0,0,0,1,0,0,0,0,v,1,0,0,0,0,0,0,0,0,0,0,0,3,True
354886,18,371,10845,1,0,3,4,t,h,n,f,j,s,d,0,0,1,0,0,0,1,0,0,0,0,v,1,0,0,0,0,0,0,0,0,0,0,0,2,True
29070,26,753,2024,1,0,3,4,t,r,n,f,j,s,d,0,0,0,0,0,0,1,0,0,0,0,v,1,0,0,0,0,0,0,0,0,0,0,0,1,True
739619,10,488,4832,1,0,3,4,t,r,n,f,j,s,d,0,0,0,0,0,0,1,0,0,0,0,v,1,0,0,0,0,0,0,0,0,0,0,0,2,True
21072,26,1085,10764,1,0,3,4,t,r,n,f,j,s,d,0,1,0,0,0,0,0,0,0,0,0,v,1,0,0,0,0,0,0,0,0,0,0,0,3,True
951071,26,240,2734,1,0,3,4,t,r,n,f,j,s,d,0,1,0,0,0,0,0,0,0,0,0,v,1,0,0,0,0,0,0,0,0,0,0,0,2,True
731799,7,225,8732,1,0,3,4,t,r,n,f,j,s,d,0,1,0,0,0,0,0,0,0,0,0,v,1,0,0,0,0,0,0,0,0,0,0,0,3,True
884209,7,225,3246,1,0,3,4,t,r,n,f,j,s,d,0,1,0,0,0,0,1,0,0,0,0,v,1,0,0,0,0,0,0,0,0,0,0,0,3,True
347144,16,244,10070,1,0,3,4,t,r,n,f,j,s,d,0,1,0,0,0,0,1,0,0,0,0,v,1,0,0,0,0,0,0,0,0,0,0,0,2,True
664925,26,753,2024,1,0,3,4,t,r,n,f,j,s,d,0,1,0,0,0,0,1,0,0,0,0,v,1,0,0,0,0,0,0,0,0,0,0,0,1,True
505635,26,36,5318,1,0,3,4,t,r,n,v,j,s,d,0,0,0,0,0,1,0,0,0,0,0,v,1,0,0,0,0,0,0,0,0,0,0,0,1,True
606052,26,36,8124,1,0,3,4,t,r,n,v,j,s,d,0,0,0,0,0,1,0,0,0,0,0,v,1,0,0,0,0,0,0,0,0,0,0,0,1,True
850073,26,36,8124,1,0,3,4,t,r,n,v,j,s,d,0,0,0,0,0,1,0,0,0,0,0,v,1,0,0,0,0,0,0,0,0,0,0,0,1,True
882775,26,36,7472,1,0,3,4,t,r,n,v,j,s,d,0,0,0,0,0,1,0,0,0,0,0,v,1,0,0,0,0,0,0,0,0,0,0,0,1,True
367816,8,1373,9157,1,0,3,4,t,u,n,f,j,s,d,0,0,0,0,0,1,0,0,0,0,0,v,1,0,0,0,0,0,0,0,0,0,0,0,2,True
982837,26,886,994,1,0,3,4,t,u,n,f,j,s,d,0,0,0,0,0,1,0,0,0,0,0,v,1,0,0,0,0,0,0,0,0,0,0,0,1,True
958710,26,753,1308,1,0,3,4,t,w,n,f,j,s,d,0,0,0,0,0,0,1,0,0,0,0,a,1,1,1,0,0,0,0,0,0,0,0,0,1,True
303092,26,753,1308,1,0,3,4,t,w,n,f,j,s,d,0,0,0,0,0,0,1,0,0,0,0,a,1,1,1,0,0,0,0,0,0,0,0,0,1,True
926105,20,719,11718,1,0,3,4,t,w,n,f,j,s,d,0,0,0,0,0,0,1,1,0,0,0,a,1,0,0,0,0,0,0,0,0,0,0,0,1,True
427883,20,136,11552,1,0,3,4,t,w,n,f,j,s,d,0,0,0,0,0,0,1,1,0,0,0,a,1,0,0,0,0,0,0,0,0,0,0,0,1,True
861946,13,308,2652,1,0,3,4,t,w,n,f,j,s,d,0,0,0,0,0,0,1,1,0,0,0,v,1,0,0,0,0,0,0,0,0,0,0,0,1,True
455322,20,158,2452,1,0,3,4,t,w,n,f,j,s,d,0,0,0,0,0,0,1,1,0,0,0,v,1,0,0,0,0,0,0,0,0,0,0,0,2,True
137890,20,826,5879,1,0,3,4,t,w,n,f,j,s,d,0,0,0,0,0,0,1,1,0,0,0,v,1,0,0,0,0,0,0,0,0,0,0,0,1,True
316853,20,719,3340,1,0,3,5,t,w,n,f,j,s,d,0,0,0,0,0,0,1,1,0,0,0,a,1,0,0,0,0,0,0,0,0,0,0,0,1,True
596401,20,719,3340,1,0,3,5,t,w,n,f,j,s,d,0,0,0,0,0,0,1,1,0,0,0,a,1,0,0,0,0,0,0,0,0,0,0,0,1,True
539050,12,1033,2474,1,0,4,2,n,r,n,f,j,s,d,0,1,0,0,0,0,0,0,0,0,0,v,1,0,0,0,0,0,0,0,0,0,0,0,3,True
594795,6,449,12315,1,0,4,2,n,r,n,f,j,s,d,0,1,0,0,0,0,0,0,0,0,0,v,1,0,0,0,0,0,0,0,0,0,0,0,2,True
47074,4,369,10737,1,0,4,2,n,r,n,f,j,s,d,0,1,0,0,0,0,0,0,0,0,0,v,1,0,0,0,0,0,0,0,0,0,0,0,2,True
357519,4,972,11479,1,0,4,2,n,r,n,f,j,s,d,0,1,0,0,0,0,0,0,0,0,0,v,1,0,0,0,0,0,0,0,0,0,0,0,2,True
1506,13,213,111,1,0,4,2,n,r,n,f,j,s,d,0,1,0,0,0,0,0,0,0,0,0,v,1,0,0,0,0,0,0,0,0,0,0,0,2,True
555062,22,1088,8258,1,0,4,2,n,r,n,f,j,t,d,0,1,0,0,0,0,0,0,0,0,0,v,1,0,0,0,0,0,0,0,0,0,0,0,2,True
732098,21,9,9101,1,0,4,2,n,r,n,f,j,t,d,0,1,0,0,0,0,0,0,0,0,0,v,1,0,0,0,0,0,0,0,0,0,0,0,3,True
856461,22,942,7365,1,0,4,2,n,r,n,f,j,t,d,0,1,0,0,0,0,0,0,0,0,0,v,1,0,0,0,0,0,0,0,0,0,0,0,2,True
447319,17,875,8215,1,0,4,2,n,r,n,f,j,t,d,0,1,0,0,0,0,0,0,0,0,0,v,1,0,0,0,0,0,0,0,0,0,0,0,3,True
282442,13,1154,5051,1,0,4,2,n,w,n,f,j,s,d,0,0,0,0,0,0,0,1,0,0,0,v,1,0,0,0,0,0,0,0,0,0,0,0,1,True
1009631,13,57,767,1,0,4,2,n,w,n,f,j,s,d,0,0,0,0,0,0,0,1,0,0,0,v,1,0,0,0,0,0,0,0,0,0,0,0,1,True
529952,10,1397,284,1,0,4,2,n,w,n,f,j,s,d,0,0,0,0,0,0,1,1,0,0,0,v,1,0,0,0,0,0,0,0,0,0,0,0,2,True
709495,4,1235,7111,1,0,4,2,n,w,n,f,j,s,d,0,0,0,0,0,0,1,1,0,0,0,v,1,0,0,0,0,0,0,0,0,0,0,0,1,True
1052642,20,1234,9623,1,0,4,2,n,w,n,f,j,s,d,0,0,0,0,0,0,1,1,0,0,0,v,1,0,0,0,0,0,0,0,0,0,0,0,2,True
98814,26,621,6842,1,0,4,2,n,w,n,f,j,s,d,0,1,0,0,0,0,1,0,0,0,0,v,1,0,0,0,0,0,0,0,0,0,0,0,2,True
1007063,26,621,8381,1,0,4,2,n,w,n,f,j,s,d,0,1,0,0,0,0,1,0,0,0,0,v,1,0,0,0,0,0,0,0,0,0,0,0,1,True
718474,6,697,35,1,0,4,2,o,r,n,f,j,s,d,0,1,0,0,0,0,0,0,0,0,0,v,1,0,0,0,0,0,0,0,0,0,0,0,2,True
905915,26,366,2116,1,0,4,2,o,r,n,f,j,s,d,0,1,0,0,0,0,0,0,0,0,0,v,1,0,0,0,0,0,0,0,0,0,0,0,2,True
873770,9,475,5645,1,0,4,2,o,r,n,x,j,s,d,0,1,0,0,0,0,0,0,0,0,0,v,1,0,0,0,0,0,0,0,0,0,0,0,2,True
150549,17,864,5714,1,0,4,2,o,r,n,x,j,s,d,0,1,0,0,0,0,0,0,0,0,0,v,1,0,0,0,0,0,0,0,0,0,0,0,3,True
1003906,26,366,5715,1,0,4,2,t,h,n,f,j,s,d,0,0,0,0,0,0,0,0,0,0,1,v,1,0,0,0,0,0,0,0,0,0,0,0,1,True
493829,10,87,8551,1,0,4,2,t,h,n,f,j,s,d,0,0,0,0,0,0,0,0,0,0,1,v,1,0,0,0,0,0,0,0,0,0,0,0,1,True
482543,7,773,5096,1,0,4,2,t,h,n,f,j,s,d,0,0,0,0,0,0,1,0,0,0,0,v,1,0,0,0,0,0,0,0,0,0,0,0,3,True
506728,26,432,2920,1,0,4,2,t,h,n,f,j,s,d,0,0,0,0,0,0,1,0,0,0,0,v,1,0,0,0,0,0,0,0,0,0,0,0,1,True
752687,13,257,1700,1,0,4,2,t,r,n,f,j,s,d,0,0,0,0,0,0,0,0,0,0,1,v,1,0,0,0,0,0,0,0,0,0,0,0,1,True
891325,6,1041,2859,1,0,4,2,t,r,n,f,j,s,d,0,0,0,0,0,0,0,0,0,0,1,v,1,0,0,0,0,0,0,0,0,0,0,0,3,True
902742,0,549,1745,1,0,4,2,t,r,n,f,j,s,d,0,0,0,0,0,0,0,0,0,0,1,v,1,0,0,0,0,0,0,0,0,0,0,0,3,True
324200,26,1132,6645,1,0,4,2,t,r,n,f,j,s,d,0,0,0,0,0,0,0,1,0,0,0,v,1,0,0,0,0,0,0,0,0,0,0,0,1,True
104439,20,629,2570,1,0,4,2,t,r,n,f,j,s,d,0,0,0,0,0,0,0,1,0,0,0,v,1,0,0,0,0,0,0,0,0,0,0,0,2,True
996987,13,1154,5051,1,0,4,2,t,r,n,f,j,s,d,0,0,0,0,0,0,0,1,0,0,0,v,1,0,0,0,0,0,0,0,0,0,0,0,1,True
962069,13,257,12437,1,0,4,2,t,r,n,f,j,s,d,0,0,0,0,0,0,0,1,0,0,0,v,1,0,0,0,0,0,0,0,0,0,0,0,1,True
707591,10,735,8214,1,0,4,2,t,r,n,f,j,s,d,0,0,0,0,0,0,0,1,0,0,0,v,1,0,0,0,0,0,0,0,0,0,0,0,1,True
696527,26,432,2920,1,0,4,2,t,r,n,f,j,s,d,0,0,0,0,0,0,1,0,0,0,0,v,1,0,0,0,0,0,0,0,0,0,0,0,2,True
323672,26,302,4153,1,0,4,2,t,r,n,f,j,s,d,0,0,0,0,0,0,1,0,0,0,0,v,1,0,0,0,0,0,0,0,0,0,0,0,2,True
983333,26,1001,6574,1,0,4,2,t,r,n,f,j,s,d,0,0,0,0,0,0,1,0,0,0,0,v,1,0,0,0,0,0,0,0,0,0,0,0,2,True
1024927,20,158,2452,1,0,4,2,t,r,n,f,j,s,d,0,0,0,0,0,0,1,0,0,0,0,v,1,0,0,0,0,0,0,0,0,0,0,0,2,True
280274,0,946,6570,1,0,4,2,t,r,n,f,j,s,d,0,0,0,0,1,0,0,0,0,0,0,v,1,0,0,0,0,0,0,0,0,0,0,0,2,True
550587,7,800,12129,1,0,4,2,t,r,n,f,j,s,d,0,0,0,0,1,0,0,0,0,0,0,v,1,0,0,0,0,0,0,0,0,0,0,0,1,True
1051215,0,946,3097,1,0,4,2,t,r,n,f,j,s,d,0,0,0,0,1,0,0,0,0,0,0,v,1,0,0,0,0,0,0,0,0,0,0,0,2,True
18625,7,799,3716,1,0,4,2,t,r,n,f,j,s,d,0,1,0,0,0,0,0,0,0,0,0,a,1,0,0,0,0,0,0,0,0,0,0,0,2,True
388380,8,1373,8290,1,0,4,2,t,r,n,f,j,s,d,0,1,0,0,0,0,0,0,0,0,0,a,1,0,0,0,0,0,0,0,0,0,0,0,3,True
802286,16,1399,6781,1,0,4,2,t,r,n,f,j,s,d,0,1,0,0,0,0,0,0,0,0,0,v,0,0,0,0,0,0,0,0,0,0,0,0,1,True
745037,7,728,6313,1,0,4,2,t,r,n,f,j,s,d,0,1,0,0,0,0,0,0,0,0,0,v,0,0,0,0,0,0,0,0,0,0,0,0,2,True
614272,21,30,4594,1,0,4,2,t,r,n,f,j,s,d,0,1,0,0,0,0,0,0,0,0,0,v,0,0,0,0,0,0,0,0,0,0,0,0,3,True
237185,8,66,2774,1,0,4,2,t,r,n,f,j,s,d,0,1,0,0,0,0,0,0,0,0,0,v,0,0,0,0,0,0,0,0,0,0,0,0,2,True
120284,6,744,5284,1,0,4,2,t,r,n,f,j,s,d,0,1,0,0,0,0,0,0,0,0,0,v,0,0,0,0,0,0,0,0,0,0,0,0,3,True
612254,7,545,9046,1,0,4,2,t,r,n,f,j,s,d,0,1,0,0,0,0,0,0,0,0,0,v,1,0,0,0,0,0,0,0,0,0,0,0,1,True
501380,26,1089,6149,1,0,4,2,t,r,n,f,j,s,d,0,1,0,0,0,0,0,0,0,0,0,v,1,0,0,0,0,0,0,0,0,0,0,0,1,True
164021,10,405,10686,1,0,4,2,t,r,n,f,j,s,d,0,1,0,0,0,0,0,0,0,0,0,v,1,0,0,0,0,0,0,0,0,0,0,0,1,True
645427,21,477,2256,1,0,4,2,t,r,n,f,j,s,d,0,1,0,0,0,0,0,0,0,0,0,v,1,0,0,0,0,0,0,0,0,0,0,0,3,True
640356,21,324,5706,1,0,4,2,t,r,n,f,j,s,d,0,1,0,0,0,0,0,0,0,0,0,v,1,0,0,0,0,0,0,0,0,0,0,0,3,True
5743,15,265,5184,1,0,4,2,t,r,n,f,j,s,d,0,1,0,0,0,0,0,0,0,0,0,v,1,0,0,0,0,0,0,0,0,0,0,0,2,True
146529,7,1233,9859,1,0,4,2,t,r,n,f,j,s,d,0,1,0,0,0,0,0,0,0,0,0,v,1,0,0,0,0,0,0,0,0,0,0,0,3,True
732436,7,695,3322,1,0,4,2,t,r,n,f,j,s,d,0,1,0,0,0,0,0,0,0,0,0,v,1,0,0,0,0,0,0,0,0,0,0,0,3,True
350482,26,366,9518,1,0,4,2,t,r,n,f,j,s,d,0,1,0,0,0,0,0,0,0,0,0,v,1,0,0,0,0,0,0,0,0,0,0,0,1,True
11520,17,1308,1375,1,0,4,2,t,r,n,f,j,s,d,0,1,0,0,0,0,0,0,0,0,0,v,1,0,0,0,0,0,0,0,0,0,0,0,3,True
849989,6,1181,238,1,0,4,2,t,r,n,f,j,s,d,0,1,0,0,0,0,0,0,0,0,0,v,1,0,0,0,0,0,0,0,0,0,0,0,3,True
678819,7,255,3414,1,0,4,2,t,r,n,f,j,s,d,0,1,0,0,0,0,0,0,0,0,0,v,1,0,0,0,0,0,0,0,0,0,0,0,2,True
420262,21,363,12093,1,0,4,2,t,r,n,f,j,s,d,0,1,0,0,0,0,0,0,0,0,0,v,1,0,0,0,0,0,0,0,0,0,0,0,3,True
790766,10,1207,12014,1,0,4,2,t,r,n,f,j,s,d,0,1,0,0,0,0,0,0,0,0,0,v,1,0,0,0,0,0,0,0,0,0,0,0,2,True
433835,4,707,2875,1,0,4,2,t,r,n,f,j,s,d,0,1,0,0,0,0,0,0,0,0,0,v,1,0,0,0,0,0,0,0,0,0,0,0,2,True
647624,21,363,3306,1,0,4,2,t,r,n,f,j,s,d,0,1,0,0,0,0,0,0,0,0,0,v,1,0,0,0,0,0,0,0,0,0,0,0,3,True
584286,22,1320,8207,1,0,4,2,t,r,n,f,j,s,d,0,1,0,0,0,0,0,0,0,0,0,v,1,0,0,0,0,0,0,0,0,0,0,0,1,True
210947,25,700,11302,1,0,4,2,t,r,n,f,j,s,d,0,1,0,0,0,0,0,0,0,0,0,v,1,0,0,0,0,0,0,0,0,0,0,0,2,True
233234,20,1402,1086,1,0,4,2,t,r,n,f,j,s,d,0,1,0,0,0,0,0,0,0,0,0,v,1,0,0,0,0,0,0,0,0,0,0,0,1,True
361185,10,1055,10772,1,0,4,2,t,r,n,f,j,s,d,0,1,0,0,0,0,0,0,0,0,0,v,1,0,0,0,0,0,0,0,0,0,0,0,2,True
1386,21,1326,2947,1,0,4,2,t,r,n,f,j,s,d,0,1,0,0,0,0,0,0,0,0,0,v,1,0,0,0,0,0,0,0,0,0,0,0,3,True
13802,9,1151,12013,1,0,4,2,t,r,n,f,j,s,d,0,1,0,0,0,0,0,0,0,0,0,v,1,0,0,0,0,0,0,0,0,0,0,0,3,True
107422,7,1068,11388,1,0,4,2,t,r,n,f,j,s,d,0,1,0,0,0,0,0,0,0,0,0,v,1,0,0,0,0,0,0,0,0,0,0,0,2,True
468910,9,1151,11929,1,0,4,2,t,r,n,f,j,s,d,0,1,0,0,0,0,0,0,0,0,0,v,1,0,0,0,0,0,0,0,0,0,0,0,2,True
347095,17,618,10005,1,0,4,2,t,r,n,f,j,s,d,0,1,0,0,0,0,0,0,0,0,0,v,1,0,0,0,0,0,0,0,0,0,0,0,3,True
310220,4,71,8753,1,0,4,2,t,r,n,f,j,s,d,0,1,0,0,0,0,0,0,0,0,0,v,1,0,0,0,0,0,0,0,0,0,0,0,2,True
917365,10,735,10221,1,0,4,2,t,r,n,f,j,s,d,0,1,0,0,0,0,0,0,0,0,0,v,1,0,0,0,0,0,0,0,0,0,0,0,3,True
536154,21,1326,10844,1,0,4,2,t,r,n,f,j,s,d,0,1,0,0,0,0,0,0,0,0,0,v,1,0,0,0,0,0,0,0,0,0,0,0,3,True
67369,10,405,10686,1,0,4,2,t,r,n,f,j,s,d,0,1,0,0,0,0,0,0,0,0,0,v,1,0,0,0,0,0,0,0,0,0,0,0,1,True
59324,9,1151,3075,1,0,4,2,t,r,n,f,j,s,d,0,1,0,0,0,0,0,0,0,0,0,v,1,0,0,0,0,0,0,0,0,0,0,0,2,True
280762,8,678,8780,1,0,4,2,t,r,n,f,j,s,d,0,1,0,0,0,0,0,0,0,0,0,v,1,0,0,0,0,0,0,0,0,0,0,0,3,True
470200,13,1212,7228,1,0,4,2,t,r,n,f,j,s,d,0,1,0,0,0,0,0,0,0,0,0,v,1,0,0,0,0,0,0,0,0,0,0,0,3,True
1047863,10,405,10686,1,0,4,2,t,r,n,f,j,s,d,0,1,0,0,0,0,0,0,0,0,0,v,1,0,0,0,0,0,0,0,0,0,0,0,1,True
981937,7,838,5000,1,0,4,2,t,r,n,f,j,s,d,0,1,0,0,0,0,0,0,0,0,0,v,1,0,0,0,0,0,0,0,0,0,0,0,3,True
665737,12,1103,11255,1,0,4,2,t,r,n,f,j,s,d,0,1,0,0,0,0,0,0,0,0,0,v,1,0,0,0,0,0,0,0,0,0,0,0,2,True
342001,22,974,2418,1,0,4,2,t,r,n,f,j,s,d,0,1,0,0,0,0,0,0,0,0,0,v,1,0,0,0,0,0,0,0,0,0,0,0,1,True
803470,10,735,9632,1,0,4,2,t,r,n,f,j,s,d,0,1,0,0,0,0,0,0,0,0,0,v,1,0,0,0,0,0,0,0,0,0,0,0,3,True
346075,21,499,7655,1,0,4,2,t,r,n,f,j,s,d,0,1,0,0,0,0,0,0,0,0,0,v,1,0,0,0,0,0,0,0,0,0,0,0,2,True
706569,24,958,1977,1,0,4,2,t,r,n,f,j,s,d,0,1,0,0,0,0,1,0,0,0,0,v,0,0,0,0,0,0,0,0,0,0,0,0,1,True
510858,20,1234,7274,1,0,4,2,t,r,n,f,j,s,d,0,1,0,0,0,0,1,0,0,0,0,v,0,0,0,0,0,0,0,0,0,0,0,0,2,True
682230,22,418,9970,1,0,4,2,t,r,n,f,j,s,d,0,1,0,0,0,0,1,0,0,0,0,v,1,0,0,0,0,0,0,0,0,0,0,0,2,True
838948,7,108,2895,1,0,4,2,t,r,n,f,j,s,d,0,1,0,0,0,0,1,0,0,0,0,v,1,0,0,0,0,0,0,0,0,0,0,0,3,True
864744,16,1176,6328,1,0,4,2,t,r,n,f,j,s,d,0,1,0,0,0,0,1,0,0,0,0,v,1,0,0,0,0,0,0,0,0,0,0,0,2,True
83287,7,675,7951,1,0,4,2,t,r,n,f,j,s,d,0,1,0,0,0,0,1,0,0,0,0,v,1,0,0,0,0,0,0,0,0,0,0,0,3,True
253694,16,244,9048,1,0,4,2,t,r,n,f,j,s,d,0,1,0,0,0,0,1,0,0,0,0,v,1,0,0,0,0,0,0,0,0,0,0,0,3,True
555370,10,310,6799,1,0,4,2,t,r,n,f,j,s,d,0,1,0,0,0,0,1,1,0,0,0,v,1,0,0,0,0,0,0,0,0,0,0,0,1,True
679882,5,326,7387,1,0,4,2,t,r,n,f,j,s,d,0,1,0,0,0,0,1,1,0,0,0,v,1,0,0,0,0,0,0,0,0,0,0,0,1,True
466996,16,1176,8758,1,0,4,2,t,r,n,f,j,s,d,0,1,0,0,0,0,1,1,0,0,0,v,1,0,0,0,0,0,0,0,0,0,0,0,2,True
203358,21,111,2202,1,0,4,2,t,r,n,f,j,s,d,1,0,0,0,0,0,0,0,0,0,0,v,1,0,0,0,0,0,0,0,0,0,0,0,3,True
238560,8,463,2917,1,0,4,2,t,r,n,f,j,s,d,1,0,0,0,0,0,0,0,0,0,0,v,1,0,0,0,0,0,0,0,0,0,0,0,2,True
319593,10,76,59,1,0,4,2,t,r,n,f,j,t,d,0,1,0,0,0,0,0,0,0,0,0,v,1,0,0,0,0,0,0,0,0,0,0,0,2,True
278681,10,1097,8006,1,0,4,2,t,r,n,f,j,t,d,0,1,0,0,0,0,0,0,0,0,0,v,1,0,0,0,0,0,0,0,0,0,0,0,3,True
581705,21,30,11471,1,0,4,2,t,r,n,f,j,t,d,0,1,0,0,0,0,0,0,0,0,0,v,1,0,0,0,0,0,0,0,0,0,0,0,3,True
1002035,6,262,2092,1,0,4,2,t,r,n,f,j,t,d,0,1,0,0,0,0,0,0,0,0,0,v,1,0,0,0,0,0,0,0,0,0,0,0,2,True
229918,10,960,7761,1,0,4,2,t,r,n,x,j,s,d,0,1,0,0,0,0,0,0,0,0,0,v,1,0,0,0,0,0,0,0,0,0,0,0,3,True
40183,13,57,2700,1,0,4,2,t,r,n,x,j,s,d,0,1,0,0,0,0,0,0,0,0,0,v,1,0,0,0,0,0,0,0,0,0,0,0,1,True
64602,22,1136,5551,1,0,4,2,t,r,n,x,j,s,d,0,1,0,0,0,0,0,0,0,0,0,v,1,0,0,0,0,0,0,0,0,0,0,0,2,True
387758,17,247,5509,1,0,4,2,t,r,n,x,j,s,d,0,1,0,0,0,0,0,0,0,0,0,v,1,0,0,0,0,0,0,0,0,0,0,0,3,True
610803,13,128,5886,1,0,4,2,t,r,q,f,j,s,d,0,1,0,0,0,0,0,0,0,0,0,v,1,0,0,0,0,0,0,0,0,0,0,0,1,True
495003,16,732,504,1,0,4,2,t,r,q,f,j,s,d,0,1,0,0,0,0,0,0,0,0,0,v,1,0,0,0,0,0,0,0,0,0,0,0,3,True
636785,17,289,1689,1,0,4,2,t,r,q,f,j,s,d,0,1,0,0,0,0,0,0,0,0,0,v,1,0,0,0,0,0,0,0,0,0,0,0,3,True
672454,10,90,10095,1,0,4,2,t,r,q,f,j,s,d,0,1,0,0,0,0,0,0,0,0,0,v,1,0,0,0,0,0,0,0,0,0,0,0,3,True
182531,26,1001,11008,1,0,4,2,t,u,n,v,j,s,d,0,0,0,0,0,1,0,0,0,0,0,v,1,0,0,0,0,0,0,0,0,0,0,0,1,True
679409,26,1001,6040,1,0,4,2,t,u,n,v,j,s,d,0,0,0,0,0,1,0,0,0,0,0,v,1,0,0,0,0,0,0,0,0,0,0,0,2,True
170613,26,366,7306,1,0,4,2,t,u,n,v,j,s,d,0,0,0,0,0,1,0,0,0,0,0,v,1,0,0,0,0,0,0,0,0,0,0,0,1,True
169631,6,452,8636,1,0,4,2,t,w,n,f,j,s,d,0,0,0,0,0,0,0,1,0,0,0,v,1,0,0,0,0,0,0,0,0,0,0,0,1,True
951129,10,661,5931,1,0,4,2,t,w,n,f,j,s,d,0,0,0,0,0,0,0,1,0,0,0,v,1,0,0,0,0,0,0,0,0,0,0,0,2,True
97677,6,842,11748,1,0,4,2,t,w,n,f,j,s,d,0,0,0,0,0,0,0,1,0,0,0,v,1,0,0,0,0,0,0,0,0,0,0,0,1,True
374659,7,630,673,1,0,4,2,t,w,n,f,j,s,d,0,0,0,0,0,0,0,1,0,0,0,v,1,0,0,0,0,0,0,0,0,0,0,0,2,True
654241,6,104,348,1,0,4,2,t,w,n,f,j,s,d,0,0,0,0,0,0,0,1,0,0,0,v,1,0,0,0,0,0,0,0,0,0,0,0,3,True
321533,13,829,4933,1,0,4,2,t,w,n,f,j,s,d,0,0,0,0,0,0,0,1,0,0,0,v,1,0,0,0,0,0,0,0,0,0,0,0,1,True
828052,7,10,4605,1,0,4,2,t,w,n,f,j,s,d,0,0,0,0,0,0,0,1,0,0,0,v,1,0,0,0,0,0,0,0,0,0,0,0,2,True
969106,6,592,5862,1,0,4,2,t,w,n,f,j,s,d,0,0,0,0,0,0,0,1,0,0,0,v,1,0,0,0,0,0,0,0,0,0,0,0,1,True
34567,4,1095,736,1,0,4,2,t,w,n,f,j,s,d,0,0,0,0,0,0,1,0,0,0,0,v,1,0,0,0,0,0,0,0,0,0,0,0,2,True
883017,26,424,10419,1,0,4,2,t,w,n,f,j,s,d,0,0,0,0,0,0,1,0,0,0,0,v,1,0,0,0,0,0,0,0,0,0,0,0,1,True
743272,26,886,9779,1,0,4,2,t,w,n,f,j,s,d,0,0,0,0,0,0,1,0,0,0,0,v,1,0,0,0,0,0,0,0,0,0,0,0,1,True
513366,26,991,3006,1,0,4,2,t,w,n,f,j,s,d,0,0,0,0,0,0,1,0,0,0,0,v,1,0,0,0,0,0,0,0,0,0,0,0,1,True
930405,26,435,10275,1,0,4,2,t,w,n,f,j,s,d,0,0,0,0,0,0,1,0,0,0,0,v,1,0,0,0,0,0,0,0,0,0,0,0,2,True
791342,26,991,3006,1,0,4,2,t,w,n,f,j,s,d,0,0,0,0,0,0,1,0,0,0,0,v,1,0,0,0,0,0,0,0,0,0,0,0,2,True
160957,4,1342,8828,1,0,4,2,t,w,n,f,j,s,d,0,0,0,0,0,0,1,0,0,0,0,v,1,0,0,0,0,0,0,0,0,0,0,0,2,True
785865,26,1023,9635,1,0,4,2,t,w,n,f,j,s,d,0,0,0,0,0,0,1,0,0,0,0,v,1,0,0,0,0,0,0,0,0,0,0,0,1,True
210479,17,198,12116,1,0,4,2,t,w,n,f,j,s,d,0,0,0,0,0,0,1,0,0,0,0,v,1,0,0,0,0,0,0,0,0,0,0,0,1,True
890395,26,1132,6645,1,0,4,2,t,w,n,f,j,s,d,0,0,0,0,0,0,1,0,0,0,0,v,1,0,0,0,0,0,0,0,0,0,0,0,1,True
820688,20,953,9111,1,0,4,2,t,w,n,f,j,s,d,0,0,0,0,0,0,1,0,0,0,0,v,1,0,0,0,0,0,0,0,0,0,0,0,2,True
136701,26,1377,1607,1,0,4,2,t,w,n,f,j,s,d,0,0,0,0,0,0,1,0,0,0,0,v,1,0,0,0,0,0,0,0,0,0,0,0,1,True
983462,21,363,2537,1,0,4,2,t,w,n,f,j,s,d,0,0,0,0,0,0,1,0,0,0,1,v,0,0,0,0,0,0,0,0,0,0,0,0,1,True
270739,21,363,2537,1,0,4,2,t,w,n,f,j,s,d,0,0,0,0,0,0,1,0,0,0,1,v,0,0,0,0,0,0,0,0,0,0,0,0,1,True
312117,21,363,2537,1,0,4,2,t,w,n,f,j,s,d,0,0,0,0,0,0,1,0,0,0,1,v,0,0,0,0,0,0,0,0,0,0,0,0,1,True
870556,20,1402,3794,1,0,4,2,t,w,n,f,j,s,d,0,0,0,0,0,0,1,1,0,0,0,v,1,0,0,0,0,0,0,0,0,0,0,0,2,True
681608,13,1141,2367,1,0,4,2,t,w,n,f,j,s,d,0,0,0,0,0,0,1,1,0,0,0,v,1,0,0,0,0,0,0,0,0,0,0,0,1,True
970420,10,735,9632,1,0,4,2,t,w,n,f,j,s,d,0,0,0,0,0,0,1,1,0,0,0,v,1,0,0,0,0,0,0,0,0,0,0,0,1,True
256700,22,1152,3526,1,0,4,2,t,w,n,f,j,s,d,0,0,0,0,0,0,1,1,0,0,0,v,1,0,0,0,0,0,0,0,0,0,0,0,1,True
712551,26,302,4189,1,0,4,2,t,w,n,f,j,s,d,0,0,0,0,0,0,1,1,0,0,0,v,1,0,0,0,0,0,0,0,0,0,0,0,2,True
495025,10,1382,5036,1,0,4,2,t,w,n,f,j,s,d,0,0,0,0,0,0,1,1,0,0,0,v,1,0,0,0,0,0,0,0,0,0,0,0,1,True
513297,17,618,1347,1,0,4,2,t,w,n,f,j,s,d,0,0,0,0,0,0,1,1,0,0,0,v,1,0,0,0,0,0,0,0,0,0,0,0,1,True
474709,20,214,10977,1,0,4,2,t,w,n,f,j,s,d,0,0,0,0,0,0,1,1,0,0,0,v,1,0,0,0,0,0,0,0,0,0,0,0,2,True
724448,25,889,1339,1,0,4,2,t,w,n,f,j,s,d,0,0,0,0,0,0,1,1,0,0,0,v,1,0,0,0,0,0,0,0,0,0,0,0,1,True
196964,7,255,7224,1,0,4,2,t,w,n,f,j,s,d,0,0,0,0,0,0,1,1,0,0,1,v,1,0,0,0,0,0,0,0,0,0,0,0,1,True
325009,8,145,3389,1,0,4,2,t,w,n,f,j,s,d,0,0,0,0,0,0,1,1,0,0,1,v,1,0,0,0,0,0,0,0,0,0,0,0,1,True
217033,7,1188,9070,1,0,4,2,t,w,n,f,j,s,d,0,0,0,0,0,0,1,1,0,0,1,v,1,0,0,0,0,0,0,0,0,0,0,0,1,True
121220,7,728,4424,1,0,4,2,t,w,n,f,j,t,d,0,0,0,0,0,0,1,1,0,0,0,v,1,0,0,0,0,0,0,0,0,0,0,0,2,True
122521,6,1041,6224,1,0,4,2,t,w,n,f,j,t,d,0,0,0,0,0,0,1,1,0,0,0,v,1,0,0,0,0,0,0,0,0,0,0,0,2,True
1001360,4,556,3208,1,0,4,2,t,w,q,f,j,s,d,0,0,0,0,0,0,1,0,0,0,0,v,1,0,0,0,0,0,0,0,0,0,0,0,1,True
48393,26,39,11440,1,0,4,2,t,w,q,f,j,s,d,0,0,0,0,0,0,1,0,0,0,0,v,1,0,0,0,0,0,0,0,0,0,0,0,1,True
696721,26,991,2170,1,0,4,2,t,w,q,f,j,s,d,0,0,0,0,0,0,1,0,0,0,0,v,1,0,0,0,0,0,0,0,0,0,0,0,1,True
222566,25,889,3433,1,0,4,3,n,r,n,f,j,s,d,0,1,0,0,0,0,0,0,0,0,0,v,0,0,0,0,0,0,0,0,0,0,0,0,2,True
317589,25,889,11109,1,0,4,3,n,r,n,f,j,s,d,0,1,0,0,0,0,0,0,0,0,0,v,0,0,0,0,0,0,0,0,0,0,0,0,2,True
438338,8,463,5638,1,0,4,3,n,r,n,f,j,s,d,0,1,0,0,0,0,0,0,0,0,0,v,1,0,0,0,0,0,0,0,0,0,0,0,2,True
678337,26,302,4189,1,0,4,3,n,r,n,f,j,s,d,0,1,0,0,0,0,0,0,0,0,0,v,1,0,0,0,0,0,0,0,0,0,0,0,2,True
948350,7,108,7942,1,0,4,3,n,r,n,f,j,s,d,0,1,0,0,0,0,0,0,0,0,0,v,1,0,0,0,0,0,0,0,0,0,0,0,3,True
778957,1,122,9750,1,0,4,3,n,r,n,f,j,s,d,0,1,0,0,0,0,0,0,0,0,0,v,1,0,0,0,0,0,0,0,0,0,0,0,1,True
925263,8,1073,5748,1,0,4,3,n,r,n,f,j,s,d,0,1,0,0,0,0,0,0,0,0,0,v,1,0,0,0,0,0,0,0,0,0,0,0,2,True
926090,13,213,12477,1,0,4,3,n,r,n,f,j,s,d,0,1,0,0,0,0,0,0,0,0,0,v,1,0,0,0,0,0,0,0,0,0,0,0,3,True
620403,25,889,3433,1,0,4,3,n,r,n,f,j,s,d,0,1,0,0,0,0,0,0,0,0,0,v,1,0,0,0,0,0,0,0,0,0,0,0,2,True
31359,26,302,5339,1,0,4,3,n,r,n,f,j,s,d,0,1,0,0,0,0,0,0,0,0,0,v,1,0,0,0,0,0,0,0,0,0,0,0,2,True
919815,26,302,4189,1,0,4,3,n,r,n,f,j,s,d,0,1,0,0,0,0,0,0,0,0,0,v,1,0,0,0,0,0,0,0,0,0,0,0,3,True
632124,7,630,5569,1,0,4,3,n,r,n,f,j,s,d,0,1,0,0,0,0,0,0,0,0,0,v,1,0,0,0,0,0,0,0,0,0,0,0,2,True
608652,10,105,3848,1,0,4,3,n,r,n,f,j,s,d,0,1,0,0,0,0,1,0,0,0,0,v,1,0,0,0,0,0,0,0,0,0,0,0,3,True
200752,10,562,7435,1,0,4,3,n,r,n,f,j,s,d,0,1,0,0,0,0,1,0,0,0,0,v,1,0,0,0,0,0,0,0,0,0,0,0,2,True
964667,25,1335,1894,1,0,4,3,n,r,n,f,j,s,q,0,1,0,0,0,0,0,0,0,0,0,v,1,0,0,0,0,0,0,0,0,0,0,0,2,True
922272,25,889,11109,1,0,4,3,n,r,n,f,j,s,q,0,1,0,0,0,0,0,0,0,0,0,v,1,0,0,0,0,0,0,0,0,0,0,0,2,True
1018896,26,1401,11213,1,0,4,3,n,r,n,v,j,s,d,0,0,0,0,0,1,0,0,0,0,0,v,1,0,0,0,0,0,0,0,0,0,0,0,1,True
342177,26,36,1125,1,0,4,3,n,r,n,v,j,s,d,0,0,0,0,0,1,0,0,0,0,0,v,1,0,0,0,0,0,0,0,0,0,0,0,1,True
236973,26,1401,7795,1,0,4,3,n,r,n,v,j,s,d,0,0,0,0,0,1,0,0,0,0,0,v,1,0,0,0,0,0,0,0,0,0,0,0,1,True
362033,26,36,1125,1,0,4,3,n,u,n,v,j,s,d,0,0,0,0,0,1,0,0,0,0,0,v,1,0,0,0,0,0,0,0,0,0,0,0,1,True
702508,26,919,6228,1,0,4,3,n,u,n,v,j,s,d,0,0,0,0,0,1,0,0,0,0,0,v,1,0,0,0,0,0,0,0,0,0,0,0,1,True
718141,26,302,4189,1,0,4,3,n,w,n,f,j,s,d,0,0,0,0,0,0,1,1,0,0,0,v,1,0,0,0,0,0,0,0,0,0,0,0,3,True
825043,26,302,4189,1,0,4,3,n,w,n,f,j,s,d,0,0,0,0,0,0,1,1,0,0,0,v,1,0,0,0,0,0,0,0,0,0,0,0,1,True
63467,20,190,5803,1,0,4,3,n,w,q,f,j,s,d,0,0,0,0,0,0,1,1,0,0,0,a,1,0,0,0,0,0,0,0,0,0,0,0,2,True
718100,20,323,1478,1,0,4,3,n,w,q,f,j,s,d,0,0,0,0,0,0,1,1,0,0,0,a,1,0,0,0,0,0,0,0,0,0,0,0,1,True
192203,20,11,7348,1,0,4,3,o,r,n,f,j,s,d,0,1,0,0,0,0,0,0,0,0,0,v,1,0,0,0,0,0,0,0,0,0,0,0,2,True
473476,13,1053,7597,1,0,4,3,o,r,n,f,j,s,d,0,1,0,0,0,0,0,0,0,0,0,v,1,0,0,0,0,0,0,0,0,0,0,0,3,True
713992,26,358,5659,1,0,4,3,t,h,n,f,j,s,d,0,0,0,0,0,0,0,0,0,0,1,v,0,0,0,0,0,0,0,0,0,0,0,0,1,True
887296,8,463,5839,1,0,4,3,t,h,n,f,j,s,d,0,0,0,0,0,0,0,0,0,0,1,v,0,0,0,0,0,0,0,0,0,0,0,0,1,True
905204,26,358,986,1,0,4,3,t,r,n,f,j,s,d,0,0,0,0,0,0,0,0,0,0,1,v,1,0,0,0,0,0,0,0,0,0,0,0,1,True
794140,8,1414,12319,1,0,4,3,t,r,n,f,j,s,d,0,0,0,0,0,0,0,0,0,0,1,v,1,0,0,0,0,0,0,0,0,0,0,0,1,True
1034897,10,1207,3095,1,0,4,3,t,r,n,f,j,s,d,0,0,0,0,0,1,0,0,0,0,0,v,0,0,0,0,0,0,0,0,0,0,0,0,2,True
786567,7,255,6611,1,0,4,3,t,r,n,f,j,s,d,0,0,0,0,0,1,0,0,0,0,0,v,0,0,0,0,0,0,0,0,0,0,0,0,1,True
41181,26,1023,10220,1,0,4,3,t,r,n,f,j,s,d,0,0,0,0,0,1,0,0,0,0,0,v,0,0,0,0,0,0,0,0,0,0,0,0,2,True
894856,10,151,5581,1,0,4,3,t,r,n,f,j,s,d,0,0,0,0,0,1,0,0,0,0,0,v,0,0,0,0,0,0,0,0,0,0,0,0,1,True
547951,10,151,5581,1,0,4,3,t,r,n,f,j,s,d,0,0,0,0,0,1,0,0,0,0,0,v,1,0,0,0,0,0,0,0,0,0,0,0,2,True
571457,10,151,5581,1,0,4,3,t,r,n,f,j,s,d,0,0,0,0,0,1,0,0,0,0,0,v,1,0,0,0,0,0,0,0,0,0,0,0,2,True
745658,26,1023,10220,1,0,4,3,t,r,n,f,j,s,d,0,0,0,0,0,1,0,0,0,0,0,v,1,0,0,0,0,0,0,0,0,0,0,0,2,True
48669,26,991,1452,1,0,4,3,t,r,n,f,j,s,d,0,0,0,0,0,1,0,0,0,0,0,v,1,0,0,0,0,0,0,0,0,0,0,0,2,True
746738,26,991,1452,1,0,4,3,t,r,n,f,j,s,d,0,0,0,0,0,1,0,0,0,0,0,v,1,0,0,0,0,0,0,0,0,0,0,0,1,True
601442,26,1023,11319,1,0,4,3,t,r,n,f,j,s,d,0,0,0,0,0,1,0,0,0,0,0,v,1,0,0,0,0,0,0,0,0,0,0,0,2,True
271283,8,206,9158,1,0,4,3,t,r,n,f,j,s,d,0,0,0,0,0,1,0,0,0,0,0,v,1,0,0,0,0,0,0,0,0,0,0,0,3,True
62631,27,1106,4316,1,0,4,3,t,r,n,f,j,s,d,0,0,0,0,1,0,0,0,0,0,0,v,1,0,0,0,0,0,0,0,0,0,0,0,2,True
341098,7,800,9137,1,0,4,3,t,r,n,f,j,s,d,0,0,0,0,1,0,0,0,0,0,0,v,1,0,0,0,0,0,0,0,0,0,0,0,1,True
883602,13,1376,667,1,0,4,3,t,r,n,f,j,s,d,0,1,0,0,0,0,0,0,0,0,0,v,0,0,0,0,0,0,0,0,0,0,0,0,1,True
190334,10,575,3816,1,0,4,3,t,r,n,f,j,s,d,0,1,0,0,0,0,0,0,0,0,0,v,0,0,0,0,0,0,0,0,0,0,0,0,2,True
98066,6,452,4034,1,0,4,3,t,r,n,f,j,s,d,0,1,0,0,0,0,0,0,0,0,0,v,0,0,0,0,0,0,0,0,0,0,0,0,2,True
891269,6,1170,3874,1,0,4,3,t,r,n,f,j,s,d,0,1,0,0,0,0,0,0,0,0,0,v,0,0,0,0,0,0,0,0,0,0,0,0,1,True
320986,7,1411,9732,1,0,4,3,t,r,n,f,j,s,d,0,1,0,0,0,0,0,0,0,0,0,v,0,0,0,0,0,0,0,0,0,0,0,0,3,True
852061,4,71,3198,1,0,4,3,t,r,n,f,j,s,d,0,1,0,0,0,0,0,0,0,0,0,v,0,0,0,0,0,0,0,0,0,0,0,0,2,True
781675,10,356,263,1,0,4,3,t,r,n,f,j,s,d,0,1,0,0,0,0,0,0,0,0,0,v,0,0,0,0,0,0,0,0,0,0,0,0,1,True
944186,7,545,11431,1,0,4,3,t,r,n,f,j,s,d,0,1,0,0,0,0,0,0,0,0,0,v,0,0,0,0,0,0,0,0,0,0,0,0,1,True
1011571,7,157,10036,1,0,4,3,t,r,n,f,j,s,d,0,1,0,0,0,0,0,0,0,0,0,v,1,0,0,0,0,0,0,0,0,0,0,0,2,True
851681,13,503,2934,1,0,4,3,t,r,n,f,j,s,d,0,1,0,0,0,0,0,0,0,0,0,v,1,0,0,0,0,0,0,0,0,0,0,0,2,True
230792,10,356,263,1,0,4,3,t,r,n,f,j,s,d,0,1,0,0,0,0,0,0,0,0,0,v,1,0,0,0,0,0,0,0,0,0,0,0,2,True
1031509,18,677,11824,1,0,4,3,t,r,n,f,j,s,d,0,1,0,0,0,0,0,0,0,0,0,v,1,0,0,0,0,0,0,0,0,0,0,0,3,True
459334,10,356,263,1,0,4,3,t,r,n,f,j,s,d,0,1,0,0,0,0,0,0,0,0,0,v,1,0,0,0,0,0,0,0,0,0,0,0,2,True
267856,16,1133,1124,1,0,4,3,t,r,n,f,j,s,d,0,1,0,0,0,0,0,0,0,0,0,v,1,0,0,0,0,0,0,0,0,0,0,0,2,True
433561,22,1088,4217,1,0,4,3,t,r,n,f,j,s,d,0,1,0,0,0,0,0,0,0,0,0,v,1,0,0,0,0,0,0,0,0,0,0,0,3,True
669052,10,1097,3572,1,0,4,3,t,r,n,f,j,s,d,0,1,0,0,0,0,0,0,0,0,0,v,1,0,0,0,0,0,0,0,0,0,0,0,3,True
410744,10,1207,3095,1,0,4,3,t,r,n,f,j,s,d,0,1,0,0,0,0,0,0,0,0,0,v,1,0,0,0,0,0,0,0,0,0,0,0,3,True
283488,16,1133,11694,1,0,4,3,t,r,n,f,j,s,d,0,1,0,0,0,0,0,0,0,0,0,v,1,0,0,0,0,0,0,0,0,0,0,0,2,True
499520,7,617,2313,1,0,4,3,t,r,n,f,j,s,d,0,1,0,0,0,0,0,0,0,0,0,v,1,0,0,0,0,0,0,0,0,0,0,0,3,True
675628,10,337,10711,1,0,4,3,t,r,n,f,j,s,d,0,1,0,0,0,0,0,0,0,0,0,v,1,0,0,0,0,0,0,0,0,0,0,0,2,True
845588,12,93,9745,1,0,4,3,t,r,n,f,j,s,d,0,1,0,0,0,0,0,0,0,0,0,v,1,0,0,0,0,0,0,0,0,0,0,0,2,True
354653,21,581,7218,1,0,4,3,t,r,n,f,j,s,d,0,1,0,0,0,0,0,0,0,0,0,v,1,0,0,0,0,0,0,0,0,0,0,0,2,True
106532,6,830,4874,1,0,4,3,t,r,n,f,j,s,d,0,1,0,0,0,0,0,0,0,0,0,v,1,0,0,0,0,0,0,0,0,0,0,0,3,True
318497,7,1040,791,1,0,4,3,t,r,n,f,j,s,d,0,1,0,0,0,0,0,0,0,0,0,v,1,0,0,0,0,0,0,0,0,0,0,0,2,True
733312,7,438,11589,1,0,4,3,t,r,n,f,j,s,d,0,1,0,0,0,0,0,0,0,0,0,v,1,0,0,0,0,0,0,0,0,0,0,0,3,True
1002216,21,123,1614,1,0,4,3,t,r,n,f,j,s,d,0,1,0,0,0,0,0,0,0,0,0,v,1,0,0,0,0,0,0,0,0,0,0,0,3,True
937436,7,157,10624,1,0,4,3,t,r,n,f,j,s,d,0,1,0,0,0,0,0,0,0,0,0,v,1,0,0,0,0,0,0,0,0,0,0,0,1,True
917971,8,979,11075,1,0,4,3,t,r,n,f,j,s,d,0,1,0,0,0,0,0,0,0,0,0,v,1,0,0,0,0,0,0,0,0,0,0,0,2,True
671118,17,409,3304,1,0,4,3,t,r,n,f,j,s,d,0,1,0,0,0,0,0,0,0,0,0,v,1,0,0,0,0,0,0,0,0,0,0,0,3,True
100301,16,1133,5349,1,0,4,3,t,r,n,f,j,s,d,0,1,0,0,0,0,0,0,0,0,0,v,1,0,0,0,0,0,0,0,0,0,0,0,3,True
368814,13,1310,3061,1,0,4,3,t,r,n,f,j,s,d,0,1,0,0,0,0,0,0,0,0,0,v,1,0,0,0,0,0,0,0,0,0,0,0,2,True
264280,10,1207,8379,1,0,4,3,t,r,n,f,j,s,d,0,1,0,0,0,0,0,0,0,0,0,v,1,0,0,0,0,0,0,0,0,0,0,0,2,True
105938,10,1250,1126,1,0,4,3,t,r,n,f,j,s,d,0,1,0,0,0,0,0,0,0,0,0,v,1,0,0,0,0,0,0,0,0,0,0,0,1,True
58733,7,258,12275,1,0,4,3,t,r,n,f,j,s,d,0,1,0,0,0,0,0,0,0,0,0,v,1,0,0,0,0,0,0,0,0,0,0,0,3,True
614503,10,138,9880,1,0,4,3,t,r,n,f,j,s,d,0,1,0,0,0,0,0,0,0,0,0,v,1,0,0,0,0,0,0,0,0,0,0,0,3,True
927557,13,783,4836,1,0,4,3,t,r,n,f,j,s,d,0,1,0,0,0,0,0,0,0,0,0,v,1,0,0,0,0,0,0,0,0,0,0,0,3,True
625216,10,1055,10772,1,0,4,3,t,r,n,f,j,s,d,0,1,0,0,0,0,0,0,0,0,0,v,1,0,0,0,0,0,0,0,0,0,0,0,2,True
905962,26,1401,11213,1,0,4,3,t,r,n,f,j,s,d,0,1,0,0,0,0,0,0,0,0,0,v,1,0,0,0,0,0,0,0,0,0,0,0,3,True
33940,8,678,10837,1,0,4,3,t,r,n,f,j,s,d,0,1,0,0,0,0,0,0,0,0,0,v,1,0,0,0,0,0,0,0,0,0,0,0,3,True
699045,7,258,1869,1,0,4,3,t,r,n,f,j,s,d,0,1,0,0,0,0,0,0,0,0,0,v,1,0,0,0,0,0,0,0,0,0,0,0,1,True
937038,21,499,1353,1,0,4,3,t,r,n,f,j,s,d,0,1,0,0,0,0,0,0,0,0,0,v,1,0,0,0,0,0,0,0,0,0,0,0,1,True
302866,20,1134,2935,1,0,4,3,t,r,n,f,j,s,d,0,1,0,0,0,0,0,0,0,0,0,v,1,0,0,0,0,0,0,0,0,0,0,0,2,True
466076,16,92,28,1,0,4,3,t,r,n,f,j,s,d,0,1,0,0,0,0,0,0,0,0,0,v,1,0,0,0,0,0,0,0,0,0,0,0,2,True
48011,6,1385,4818,1,0,4,3,t,r,n,f,j,s,d,0,1,0,0,0,0,0,1,0,0,0,v,1,0,0,0,0,0,0,0,0,0,0,0,2,True
380080,4,1202,3272,1,0,4,3,t,r,n,f,j,s,d,0,1,0,0,0,0,0,1,0,0,0,v,1,0,0,0,0,0,0,0,0,0,0,0,2,True
583977,13,18,7063,1,0,4,3,t,r,n,f,j,s,d,0,1,0,0,0,0,1,0,0,0,0,v,1,0,0,0,0,0,0,0,0,0,0,0,1,True
740216,7,423,11159,1,0,4,3,t,r,n,f,j,s,d,0,1,0,0,0,0,1,0,0,0,0,v,1,0,0,0,0,0,0,0,0,0,0,0,3,True
131913,26,302,4189,1,0,4,3,t,r,n,f,j,s,d,0,1,0,0,0,0,1,0,0,0,0,v,1,0,0,0,0,0,0,0,0,0,0,0,3,True
806377,7,84,4695,1,0,4,3,t,r,n,f,j,s,d,0,1,0,0,0,0,1,0,0,0,0,v,1,0,0,0,0,0,0,0,0,0,0,0,2,True
142306,16,244,9048,1,0,4,3,t,r,n,f,j,s,d,0,1,0,0,0,0,1,0,0,0,0,v,1,0,0,0,0,0,0,0,0,0,0,0,3,True
1000307,26,397,556,1,0,4,3,t,r,n,f,j,s,d,0,1,0,0,0,0,1,0,0,0,0,v,1,0,0,0,0,0,0,0,0,0,0,0,1,True
610332,10,151,5581,1,0,4,3,t,r,n,f,j,s,d,0,1,0,0,0,0,1,0,0,0,0,v,1,0,0,0,0,0,0,0,0,0,0,0,1,True
181288,8,696,4415,1,0,4,3,t,r,n,f,j,s,d,0,1,0,0,0,0,1,0,0,0,0,v,1,0,0,0,0,0,0,0,0,0,0,0,3,True
91330,13,1372,9922,1,0,4,3,t,r,n,f,j,s,d,0,1,0,0,0,0,1,1,0,0,0,v,1,0,0,0,0,0,0,0,0,0,0,0,1,True
473168,13,308,2652,1,0,4,3,t,r,n,f,j,s,d,0,1,0,0,0,0,1,1,0,0,0,v,1,0,0,0,0,0,0,0,0,0,0,0,1,True
350461,30,73,7580,1,0,4,3,t,r,n,f,j,s,d,0,1,0,0,0,0,1,1,0,0,0,v,1,0,0,0,0,0,0,0,0,0,0,0,2,True
776187,13,1372,829,1,0,4,3,t,r,n,f,j,s,d,0,1,0,0,0,0,1,1,0,0,0,v,1,0,0,0,0,0,0,0,0,0,0,0,2,True
947794,25,889,7922,1,0,4,3,t,r,n,f,j,s,d,0,1,0,0,0,0,1,1,0,0,0,v,1,0,0,0,0,0,0,0,0,0,0,0,2,True
150442,13,18,11752,1,0,4,3,t,r,n,f,j,s,d,0,1,0,0,0,0,1,1,0,0,0,v,1,0,0,0,0,0,0,0,0,0,0,0,2,True
1003025,8,463,10502,1,0,4,3,t,r,n,f,j,s,d,1,0,0,0,0,0,0,0,0,0,0,v,1,0,0,0,0,0,0,0,0,0,0,0,2,True
352282,8,463,10502,1,0,4,3,t,r,n,f,j,s,d,1,0,0,0,0,0,0,0,0,0,0,v,1,0,0,0,0,0,0,0,0,0,0,0,2,True
758472,7,157,7679,1,0,4,3,t,r,n,f,j,s,q,0,0,0,0,0,1,0,0,0,0,0,v,1,0,0,0,0,0,0,0,0,0,0,0,1,True
544390,0,946,5210,1,0,4,3,t,r,n,f,j,s,q,0,0,0,0,0,1,0,0,0,0,0,v,1,0,0,0,0,0,0,0,0,0,0,0,1,True
741612,7,255,3414,1,0,4,3,t,r,n,f,j,s,q,0,1,0,0,0,0,0,0,0,0,0,v,1,0,0,0,0,0,0,0,0,0,0,0,1,True
1018185,7,630,3318,1,0,4,3,t,r,n,f,j,s,q,0,1,0,0,0,0,0,0,0,0,0,v,1,0,0,0,0,0,0,0,0,0,0,0,3,True
909927,13,1258,2840,1,0,4,3,t,r,n,f,j,s,q,0,1,0,0,0,0,0,0,0,0,0,v,1,0,0,0,0,0,0,0,0,0,0,0,1,True
972188,8,1225,3244,1,0,4,3,t,r,n,f,j,t,d,0,1,0,0,0,0,0,0,0,0,0,v,1,0,0,0,0,0,0,0,0,0,0,0,3,True
751419,7,1265,9903,1,0,4,3,t,r,n,f,j,t,d,0,1,0,0,0,0,0,0,0,0,0,v,1,0,0,0,0,0,0,0,0,0,0,0,3,True
343068,13,305,2545,1,0,4,3,t,r,n,f,j,t,d,0,1,0,0,0,0,0,0,0,0,0,v,1,0,0,0,0,0,0,0,0,0,0,0,2,True
875296,8,1415,10453,1,0,4,3,t,r,n,f,j,t,d,0,1,0,0,0,0,0,0,0,0,0,v,1,0,0,0,0,0,0,0,0,0,0,0,2,True
641880,6,1324,9334,1,0,4,3,t,r,n,f,j,t,d,0,1,0,0,0,0,0,0,0,0,0,v,1,0,0,0,0,0,0,0,0,0,0,0,3,True
510220,6,464,9545,1,0,4,3,t,r,n,f,j,t,d,0,1,0,0,0,0,0,0,0,0,0,v,1,0,0,0,0,0,0,0,0,0,0,0,3,True
513105,10,83,205,1,0,4,3,t,r,n,f,j,t,d,0,1,0,0,0,0,0,0,0,0,0,v,1,0,0,0,0,0,0,0,0,0,0,0,2,True
158998,13,305,4781,1,0,4,3,t,r,n,f,j,t,d,0,1,0,0,0,0,0,0,0,0,0,v,1,0,0,0,0,0,0,0,0,0,0,0,1,True
213884,10,1055,11945,1,0,4,3,t,r,n,f,j,t,d,0,1,0,0,0,0,0,0,0,0,0,v,1,0,0,0,0,0,0,0,0,0,0,0,2,True
91285,8,979,8059,1,0,4,3,t,r,n,f,j,t,d,0,1,0,0,0,0,1,0,0,0,0,v,1,0,0,0,0,0,0,0,0,0,0,0,3,True
223416,17,399,9543,1,0,4,3,t,r,n,f,j,t,d,0,1,0,0,0,0,1,0,0,0,0,v,1,0,0,0,0,0,0,0,0,0,0,0,3,True
16102,21,937,12396,1,0,4,3,t,r,n,f,j,t,d,0,1,0,0,0,0,1,0,0,0,0,v,1,0,0,0,0,0,0,0,0,0,0,0,3,True
15441,8,1414,11286,1,0,4,3,t,r,n,f,j,t,d,0,1,0,0,0,0,1,1,0,0,0,v,1,0,0,0,0,0,0,0,0,0,0,0,2,True
290341,13,553,11598,1,0,4,3,t,r,n,f,j,t,d,0,1,0,0,0,0,1,1,0,0,0,v,1,0,0,0,0,0,0,0,0,0,0,0,2,True
768240,9,230,5553,1,0,4,3,t,r,n,f,q,s,d,0,1,0,0,0,0,0,0,0,0,0,v,1,0,0,0,0,0,0,0,0,0,0,0,2,True
431237,22,1088,10298,1,0,4,3,t,r,n,f,q,s,d,0,1,0,0,0,0,0,0,0,0,0,v,1,0,0,0,0,0,0,0,0,0,0,0,1,True
1036193,26,36,6436,1,0,4,3,t,r,n,v,j,s,d,0,0,0,0,0,1,0,0,0,0,0,a,1,0,0,0,0,0,0,0,0,0,0,0,1,True
507041,26,1001,6626,1,0,4,3,t,r,n,v,j,s,d,0,0,0,0,0,1,0,0,0,0,0,a,1,0,0,0,0,0,0,0,0,0,0,0,1,True
342588,26,1001,6626,1,0,4,3,t,r,n,v,j,s,d,0,0,0,0,0,1,0,0,0,0,0,a,1,0,0,0,0,0,0,0,0,0,0,0,1,True
112191,7,1306,4761,1,0,4,3,t,r,n,v,j,s,d,0,0,0,0,0,1,0,0,0,0,0,v,0,0,0,0,0,0,0,0,0,0,0,0,1,True
503651,8,206,6064,1,0,4,3,t,r,n,v,j,s,d,0,0,0,0,0,1,0,0,0,0,0,v,0,0,0,0,0,0,0,0,0,0,0,0,2,True
583532,26,1401,2557,1,0,4,3,t,r,n,v,j,s,d,0,0,0,0,0,1,0,0,0,0,0,v,1,0,0,0,0,0,0,0,0,0,0,0,1,True
5822,26,36,6436,1,0,4,3,t,r,n,v,j,s,d,0,0,0,0,0,1,0,0,0,0,0,v,1,0,0,0,0,0,0,0,0,0,0,0,1,True
382729,26,36,6436,1,0,4,3,t,r,n,v,j,s,d,0,0,0,0,0,1,0,0,0,0,0,v,1,0,0,0,0,0,0,0,0,0,0,0,1,True
900921,26,36,7472,1,0,4,3,t,r,n,v,j,s,d,0,0,0,0,0,1,0,0,0,0,0,v,1,0,0,0,0,0,0,0,0,0,0,0,2,True
229644,26,36,7472,1,0,4,3,t,r,n,v,j,s,d,0,0,0,0,0,1,0,0,0,0,0,v,1,0,0,0,0,0,0,0,0,0,0,0,1,True
916606,26,36,7472,1,0,4,3,t,r,n,v,j,s,d,0,0,0,0,0,1,0,0,0,0,0,v,1,0,0,0,0,0,0,0,0,0,0,0,1,True
789722,26,1023,11319,1,0,4,3,t,r,n,v,j,s,d,0,0,0,0,0,1,0,0,0,0,0,v,1,0,0,0,0,0,0,0,0,0,0,0,2,True
637199,26,1401,2557,1,0,4,3,t,r,n,v,j,s,d,0,0,0,0,0,1,0,0,0,0,0,v,1,0,0,0,0,0,0,0,0,0,0,0,1,True
902412,26,36,6436,1,0,4,3,t,r,n,v,j,s,d,0,0,0,0,0,1,0,0,0,0,0,v,1,0,0,0,0,0,0,0,0,0,0,0,1,True
224403,26,1023,9865,1,0,4,3,t,r,n,v,j,s,d,0,0,0,0,0,1,0,0,0,0,0,v,1,0,0,0,0,0,0,0,0,0,0,0,2,True
48816,26,1401,2557,1,0,4,3,t,r,n,v,j,s,d,0,0,0,0,0,1,0,0,0,0,0,v,1,0,0,0,0,0,0,0,0,0,0,0,1,True
160041,7,255,9699,1,0,4,3,t,r,n,v,j,s,d,0,0,0,0,0,1,0,0,0,0,0,v,1,0,0,0,0,0,0,0,0,0,0,0,1,True
243932,26,36,1125,1,0,4,3,t,r,n,v,j,s,d,0,0,0,0,0,1,0,0,0,0,0,v,1,0,0,0,0,0,0,0,0,0,0,0,1,True
721026,26,919,8067,1,0,4,3,t,r,n,v,j,s,d,0,0,0,0,0,1,0,0,0,0,0,v,1,0,0,0,0,0,0,0,0,0,0,0,1,True
479836,26,39,2005,1,0,4,3,t,r,n,v,j,s,d,0,0,0,0,0,1,0,0,0,0,0,v,1,0,0,0,0,0,0,0,0,0,0,0,1,True
141915,26,39,11440,1,0,4,3,t,r,n,v,j,s,d,0,0,0,0,0,1,0,0,0,0,0,v,1,0,0,0,0,0,0,0,0,0,0,0,3,True
97258,26,1050,2902,1,0,4,3,t,r,n,x,j,s,d,0,0,0,0,0,1,0,0,0,0,0,a,1,0,0,0,0,0,0,0,0,0,0,0,1,True
543213,10,575,2193,1,0,4,3,t,r,n,x,j,s,d,0,0,0,0,0,1,0,0,0,0,0,a,1,0,0,0,0,0,0,0,0,0,0,0,2,True
72178,16,547,5316,1,0,4,3,t,r,n,x,j,s,d,0,1,0,0,0,0,0,0,0,0,0,v,1,0,0,0,0,0,0,0,0,0,0,0,2,True
337070,13,1160,11686,1,0,4,3,t,r,n,x,j,s,d,0,1,0,0,0,0,0,0,0,0,0,v,1,0,0,0,0,0,0,0,0,0,0,0,2,True
902072,20,492,5274,1,0,4,3,t,r,n,x,j,s,d,0,1,0,0,0,0,0,0,0,0,0,v,1,0,0,0,0,0,0,0,0,0,0,0,2,True
8120,26,886,66,1,0,4,3,t,r,q,f,j,s,d,0,0,0,0,0,0,1,0,0,0,0,v,1,0,0,0,0,0,0,0,0,0,0,0,1,True
744370,26,886,66,1,0,4,3,t,r,q,f,j,s,d,0,0,0,0,0,0,1,0,0,0,0,v,1,0,0,0,0,0,0,0,0,0,0,0,1,True
610576,13,909,11624,1,0,4,3,t,r,q,f,j,s,d,0,1,0,0,0,0,0,0,0,0,0,v,1,0,0,0,0,0,0,0,0,0,0,0,2,True
291147,21,782,3897,1,0,4,3,t,r,q,f,j,s,d,0,1,0,0,0,0,0,0,0,0,0,v,1,0,0,0,0,0,0,0,0,0,0,0,3,True
967028,21,937,3953,1,0,4,3,t,r,q,f,j,s,d,0,1,0,0,0,0,0,0,0,0,0,v,1,0,0,0,0,0,0,0,0,0,0,0,3,True
1005303,4,689,5142,1,0,4,3,t,r,q,f,j,s,d,0,1,0,0,0,0,0,0,0,0,0,v,1,0,0,0,0,0,0,0,0,0,0,0,2,True
141240,20,158,4322,1,0,4,3,t,r,q,v,j,s,d,0,0,0,0,0,1,0,0,0,0,0,v,1,0,0,0,0,0,0,0,0,0,0,0,1,True
20024,26,36,6436,1,0,4,3,t,r,q,v,j,s,d,0,0,0,0,0,1,0,0,0,0,0,v,1,0,0,0,0,0,0,0,0,0,0,0,1,True
867869,20,158,2452,1,0,4,3,t,r,q,v,j,s,d,0,0,0,0,0,1,0,0,0,0,0,v,1,0,0,0,0,0,0,0,0,0,0,0,2,True
543115,26,1001,6626,1,0,4,3,t,u,n,v,j,s,d,0,0,0,0,0,1,0,0,0,0,0,a,1,0,0,0,0,0,0,0,0,0,0,0,1,True
772901,26,991,6462,1,0,4,3,t,u,n,v,j,s,d,0,0,0,0,0,1,0,0,0,0,0,a,1,0,0,0,0,0,0,0,0,0,0,0,1,True
212686,26,1001,6626,1,0,4,3,t,u,n,v,j,s,d,0,0,0,0,0,1,0,0,0,0,0,a,1,0,0,0,0,0,0,0,0,0,0,0,1,True
188556,10,151,5581,1,0,4,3,t,u,n,v,j,s,d,0,0,0,0,0,1,0,0,0,0,0,v,0,0,0,0,0,0,0,0,0,0,0,0,1,True
454756,26,1023,9865,1,0,4,3,t,u,n,v,j,s,d,0,0,0,0,0,1,0,0,0,0,0,v,0,0,0,0,0,0,0,0,0,0,0,0,2,True
291907,26,1132,3071,1,0,4,3,t,u,n,v,j,s,d,0,0,0,0,0,1,0,0,0,0,0,v,1,0,0,0,0,0,0,0,0,0,0,0,1,True
125866,26,919,9760,1,0,4,3,t,u,n,v,j,s,d,0,0,0,0,0,1,0,0,0,0,0,v,1,0,0,0,0,0,0,0,0,0,0,0,1,True
96428,9,210,8972,1,0,4,3,t,u,n,v,j,s,d,0,0,0,0,0,1,0,0,0,0,0,v,1,0,0,0,0,0,0,0,0,0,0,0,2,True
476132,8,1004,3124,1,0,4,3,t,u,n,v,j,s,d,0,0,0,0,0,1,0,0,0,0,0,v,1,0,0,0,0,0,0,0,0,0,0,0,2,True
32184,9,210,5841,1,0,4,3,t,u,n,v,j,s,d,0,0,0,0,0,1,0,0,0,0,0,v,1,0,0,0,0,0,0,0,0,0,0,0,2,True
976843,26,39,85,1,0,4,3,t,u,n,v,j,s,d,0,0,0,0,0,1,0,0,0,0,0,v,1,0,0,0,0,0,0,0,0,0,0,0,1,True
741490,26,39,10445,1,0,4,3,t,u,n,v,j,s,d,0,0,0,0,0,1,0,0,0,0,0,v,1,0,0,0,0,0,0,0,0,0,0,0,1,True
247712,20,158,621,1,0,4,3,t,u,n,v,j,s,d,0,0,0,0,0,1,0,0,0,0,0,v,1,0,0,0,0,0,0,0,0,0,0,0,2,True
651706,26,1401,6377,1,0,4,3,t,u,n,v,j,s,d,0,0,0,0,0,1,0,0,0,0,0,v,1,0,0,0,0,0,0,0,0,0,0,0,1,True
1030592,26,1023,11319,1,0,4,3,t,u,n,v,j,s,d,0,0,0,0,0,1,0,0,0,0,0,v,1,0,0,0,0,0,0,0,0,0,0,0,1,True
390832,10,661,544,1,0,4,3,t,u,n,v,j,s,d,0,0,0,0,0,1,0,0,0,0,0,v,1,0,0,0,0,0,0,0,0,0,0,0,1,True
707586,26,1401,418,1,0,4,3,t,u,n,v,j,s,d,0,0,0,0,0,1,0,0,0,0,0,v,1,0,0,0,0,0,0,0,0,0,0,0,1,True
82421,30,73,5721,1,0,4,3,t,u,n,v,j,s,d,0,0,0,0,0,1,0,0,0,0,0,v,1,0,0,0,0,0,0,0,0,0,0,0,2,True
125958,10,735,9632,1,0,4,3,t,u,n,v,j,s,d,0,0,0,0,0,1,0,0,0,0,0,v,1,0,0,0,0,0,0,0,0,0,0,0,2,True
421790,10,960,7761,1,0,4,3,t,u,n,v,j,t,d,0,0,0,0,0,1,0,0,0,0,0,v,1,0,0,0,0,0,0,0,0,0,0,0,1,True
133857,10,735,9632,1,0,4,3,t,u,n,v,j,t,d,0,0,0,0,0,1,0,0,0,0,0,v,1,0,0,0,0,0,0,0,0,0,0,0,2,True
577558,26,36,11590,1,0,4,3,t,u,n,x,j,s,d,0,0,0,0,0,1,0,0,0,0,0,v,1,0,0,0,0,0,0,0,0,0,0,0,1,True
73341,10,575,2193,1,0,4,3,t,u,n,x,j,s,d,0,0,0,0,0,1,0,0,0,0,0,v,1,0,0,0,0,0,0,0,0,0,0,0,1,True
1035436,26,36,11590,1,0,4,3,t,u,n,x,j,s,d,0,0,0,0,0,1,0,0,0,0,0,v,1,0,0,0,0,0,0,0,0,0,0,0,1,True
277242,26,36,11590,1,0,4,3,t,u,n,x,j,s,d,0,0,0,0,0,1,0,0,0,0,0,v,1,0,0,0,0,0,0,0,0,0,0,0,1,True
243318,26,36,11590,1,0,4,3,t,u,n,x,j,s,d,0,0,0,0,0,1,0,0,0,0,0,v,1,0,0,0,0,0,0,0,0,0,0,0,1,True
110450,10,575,999,1,0,4,3,t,u,x,v,j,s,d,0,0,0,0,0,1,0,0,0,0,0,v,1,0,0,0,0,0,0,0,0,0,0,0,1,True
295500,26,740,8047,1,0,4,3,t,u,x,v,j,s,d,0,0,0,0,0,1,0,0,0,0,0,v,1,0,0,0,0,0,0,0,0,0,0,0,1,True
476872,20,251,1863,1,0,4,3,t,w,n,f,j,s,d,0,0,0,0,0,0,0,1,0,0,0,r,1,0,0,0,0,0,0,0,0,0,0,0,3,True
126129,20,251,1863,1,0,4,3,t,w,n,f,j,s,d,0,0,0,0,0,0,0,1,0,0,0,r,1,0,0,0,0,0,0,0,0,0,0,0,2,True
402093,13,1154,1866,1,0,4,3,t,w,n,f,j,s,d,0,0,0,0,0,0,0,1,0,0,0,v,1,0,0,0,0,0,0,0,0,0,0,0,1,True
853077,6,187,4685,1,0,4,3,t,w,n,f,j,s,d,0,0,0,0,0,0,0,1,0,0,0,v,1,0,0,0,0,0,0,0,0,0,0,0,1,True
952584,7,1265,2733,1,0,4,3,t,w,n,f,j,s,d,0,0,0,0,0,0,0,1,0,0,0,v,1,0,0,0,0,0,0,0,0,0,0,0,1,True
467751,20,136,9700,1,0,4,3,t,w,n,f,j,s,d,0,0,0,0,0,0,0,1,0,0,0,v,1,0,0,0,0,0,0,0,0,0,0,0,2,True
1011118,7,936,11717,1,0,4,3,t,w,n,f,j,s,d,0,0,0,0,0,0,0,1,0,0,0,v,1,0,0,0,0,0,0,0,0,0,0,0,1,True
856740,20,508,5952,1,0,4,3,t,w,n,f,j,s,d,0,0,0,0,0,0,0,1,0,0,0,v,1,0,0,0,0,0,0,0,0,0,0,0,2,True
92753,20,508,12421,1,0,4,3,t,w,n,f,j,s,d,0,0,0,0,0,0,0,1,0,0,0,v,1,0,0,0,0,0,0,0,0,0,0,0,1,True
334116,7,10,4605,1,0,4,3,t,w,n,f,j,s,d,0,0,0,0,0,0,0,1,0,0,0,v,1,1,1,0,0,0,0,0,0,0,0,0,2,True
270659,20,385,7618,1,0,4,3,t,w,n,f,j,s,d,0,0,0,0,0,0,0,1,0,0,0,v,1,1,1,0,0,0,0,0,0,0,0,0,2,True
117412,20,120,3769,1,0,4,3,t,w,n,f,j,s,d,0,0,0,0,0,0,0,1,0,0,0,v,1,1,1,0,0,0,0,0,0,0,0,0,2,True
945978,26,886,12157,1,0,4,3,t,w,n,f,j,s,d,0,0,0,0,0,0,1,0,0,0,0,a,1,0,0,0,0,0,0,0,0,0,0,0,1,True
681335,26,753,1308,1,0,4,3,t,w,n,f,j,s,d,0,0,0,0,0,0,1,0,0,0,0,a,1,0,0,0,0,0,0,0,0,0,0,0,1,True
776071,26,1132,9472,1,0,4,3,t,w,n,f,j,s,d,0,0,0,0,0,0,1,0,0,0,0,v,0,0,0,0,0,0,0,0,0,0,0,0,1,True
856489,26,36,8124,1,0,4,3,t,w,n,f,j,s,d,0,0,0,0,0,0,1,0,0,0,0,v,0,0,0,0,0,0,0,0,0,0,0,0,1,True
1011578,20,385,7618,1,0,4,3,t,w,n,f,j,s,d,0,0,0,0,0,0,1,0,0,0,0,v,1,0,0,0,0,0,0,0,0,0,0,0,2,True
106636,26,302,5339,1,0,4,3,t,w,n,f,j,s,d,0,0,0,0,0,0,1,0,0,0,0,v,1,0,0,0,0,0,0,0,0,0,0,0,2,True
1025188,26,991,2170,1,0,4,3,t,w,n,f,j,s,d,0,0,0,0,0,0,1,0,0,0,0,v,1,0,0,0,0,0,0,0,0,0,0,0,1,True
1020025,26,1132,12339,1,0,4,3,t,w,n,f,j,s,d,0,0,0,0,0,0,1,0,0,0,0,v,1,0,0,0,0,0,0,0,0,0,0,0,1,True
468580,21,1326,10844,1,0,4,3,t,w,n,f,j,s,d,0,0,0,0,0,0,1,0,0,0,0,v,1,0,0,0,0,0,0,0,0,0,0,0,1,True
753352,26,36,8789,1,0,4,3,t,w,n,f,j,s,d,0,0,0,0,0,0,1,0,0,0,0,v,1,0,0,0,0,0,0,0,0,0,0,0,1,True
190509,26,991,3006,1,0,4,3,t,w,n,f,j,s,d,0,0,0,0,0,0,1,0,0,0,0,v,1,0,0,0,0,0,0,0,0,0,0,0,2,True
292554,26,1132,12339,1,0,4,3,t,w,n,f,j,s,d,0,0,0,0,0,0,1,0,0,0,0,v,1,0,0,0,0,0,0,0,0,0,0,0,1,True
51014,26,1023,10220,1,0,4,3,t,w,n,f,j,s,d,0,0,0,0,0,0,1,0,0,0,0,v,1,0,0,0,0,0,0,0,0,0,0,0,1,True
32104,26,1001,12258,1,0,4,3,t,w,n,f,j,s,d,0,0,0,0,0,0,1,0,0,0,0,v,1,0,0,0,0,0,0,0,0,0,0,0,1,True
687713,21,107,1965,1,0,4,3,t,w,n,f,j,s,d,0,0,0,0,0,0,1,0,0,0,0,v,1,0,0,0,0,0,0,0,0,0,0,0,2,True
299085,26,1023,9635,1,0,4,3,t,w,n,f,j,s,d,0,0,0,0,0,0,1,0,0,0,0,v,1,0,0,0,0,0,0,0,0,0,0,0,1,True
320700,13,305,2545,1,0,4,3,t,w,n,f,j,s,d,0,0,0,0,0,0,1,0,0,0,0,v,1,0,0,0,0,0,0,0,0,0,0,0,1,True
1008181,26,1110,10004,1,0,4,3,t,w,n,f,j,s,d,0,0,0,0,0,0,1,0,0,0,0,v,1,1,1,0,0,0,0,0,0,0,0,0,2,True
532713,6,830,1422,1,0,4,3,t,w,n,f,j,s,d,0,0,0,0,0,0,1,0,0,0,0,v,1,1,1,0,0,0,0,0,0,0,0,0,2,True
656909,20,1359,1725,1,0,4,3,t,w,n,f,j,s,d,0,0,0,0,0,0,1,1,0,0,0,a,1,0,0,0,0,0,0,0,0,0,0,0,1,True
978838,20,719,7587,1,0,4,3,t,w,n,f,j,s,d,0,0,0,0,0,0,1,1,0,0,0,a,1,0,0,0,0,0,0,0,0,0,0,0,1,True
1040505,20,124,2971,1,0,4,3,t,w,n,f,j,s,d,0,0,0,0,0,0,1,1,0,0,0,v,0,0,0,0,0,0,0,0,0,0,0,0,2,True
422661,20,508,12344,1,0,4,3,t,w,n,f,j,s,d,0,0,0,0,0,0,1,1,0,0,0,v,0,0,0,0,0,0,0,0,0,0,0,0,2,True
1040636,20,508,11256,1,0,4,3,t,w,n,f,j,s,d,0,0,0,0,0,0,1,1,0,0,0,v,1,0,0,0,0,0,0,0,0,0,0,0,1,True
928815,13,407,5857,1,0,4,3,t,w,n,f,j,s,d,0,0,0,0,0,0,1,1,0,0,0,v,1,0,0,0,0,0,0,0,0,0,0,0,1,True
45291,26,302,5339,1,0,4,3,t,w,n,f,j,s,d,0,0,0,0,0,0,1,1,0,0,0,v,1,0,0,0,0,0,0,0,0,0,0,0,2,True
1009820,26,302,5339,1,0,4,3,t,w,n,f,j,s,d,0,0,0,0,0,0,1,1,0,0,0,v,1,0,0,0,0,0,0,0,0,0,0,0,2,True
492469,6,1170,1238,1,0,4,3,t,w,n,f,j,s,d,0,0,0,0,0,0,1,1,0,0,0,v,1,0,0,0,0,0,0,0,0,0,0,0,2,True
231840,6,1255,6820,1,0,4,3,t,w,n,f,j,s,d,0,0,0,0,0,0,1,1,0,0,0,v,1,0,0,0,0,0,0,0,0,0,0,0,2,True
640513,8,1029,11284,1,0,4,3,t,w,n,f,j,s,d,0,0,0,0,0,0,1,1,0,0,0,v,1,0,0,0,0,0,0,0,0,0,0,0,2,True
288104,20,1021,10890,1,0,4,3,t,w,q,f,j,s,d,0,0,0,0,0,0,0,1,0,0,0,v,1,0,0,0,0,0,0,0,0,0,0,0,2,True
850383,20,508,12421,1,0,4,3,t,w,q,f,j,s,d,0,0,0,0,0,0,0,1,0,0,0,v,1,0,0,0,0,0,0,0,0,0,0,0,1,True
734639,20,508,8707,1,0,4,3,t,w,q,f,j,s,d,0,0,0,0,0,0,0,1,0,0,0,v,1,0,0,0,0,0,0,0,0,0,0,0,1,True
738411,20,508,3654,1,0,4,3,t,w,q,f,j,s,d,0,0,0,0,0,0,0,1,0,0,0,v,1,0,0,0,0,0,0,0,0,0,0,0,3,True
538041,20,508,10459,1,0,4,3,t,w,q,f,j,s,d,0,0,0,0,0,0,0,1,0,0,0,v,1,0,0,0,0,0,0,0,0,0,0,0,1,True
43154,26,1001,6366,1,0,4,3,t,w,q,f,j,s,d,0,0,0,0,0,0,1,0,0,0,0,v,1,0,0,0,0,0,0,0,0,0,0,0,1,True
416080,26,36,11590,1,0,4,3,t,w,q,f,j,s,d,0,0,0,0,0,0,1,0,0,0,0,v,1,0,0,0,0,0,0,0,0,0,0,0,1,True
961935,20,323,1478,1,0,4,3,t,w,q,f,j,s,d,0,0,0,0,0,0,1,1,0,0,0,a,1,0,0,0,0,0,0,0,0,0,0,0,2,True
652387,20,215,995,1,0,4,3,t,w,q,f,j,s,d,0,0,0,0,0,0,1,1,0,0,0,a,1,0,0,0,0,0,0,0,0,0,0,0,2,True
861098,20,158,5901,1,0,4,3,t,w,q,f,j,s,d,0,0,0,0,0,0,1,1,0,0,0,v,1,0,0,0,0,0,0,0,0,0,0,0,2,True
308966,20,190,9386,1,0,4,3,t,w,q,f,j,s,d,0,0,0,0,0,0,1,1,0,0,0,v,1,0,0,0,0,0,0,0,0,0,0,0,2,True
72278,20,158,2452,1,0,4,3,t,w,q,f,j,s,d,0,0,0,0,0,0,1,1,0,0,0,v,1,0,0,0,0,0,0,0,0,0,0,0,2,True
22730,20,190,10590,1,0,4,3,t,w,q,f,j,s,d,0,0,0,0,0,0,1,1,0,0,0,v,1,0,0,0,0,0,0,0,0,0,0,0,2,True
204355,20,270,8824,1,0,4,3,t,w,q,f,j,s,d,0,0,0,0,0,0,1,1,0,0,0,v,1,0,0,0,0,0,0,0,0,0,0,0,1,True
700942,26,1132,5570,1,0,4,3,t,w,q,f,j,t,d,0,0,0,0,0,0,1,0,0,0,0,v,1,0,0,0,0,0,0,0,0,0,0,0,1,True
775815,26,36,11590,1,0,4,3,t,w,q,f,j,t,d,0,0,0,0,0,0,1,0,0,0,0,v,1,0,0,0,0,0,0,0,0,0,0,0,1,True
876703,26,432,10609,1,0,4,4,n,w,n,f,j,s,d,0,0,0,0,0,0,1,1,0,0,0,v,1,0,0,0,0,0,0,0,0,0,0,0,2,True
430196,26,302,4189,1,0,4,4,n,w,n,f,j,s,d,0,0,0,0,0,0,1,1,0,0,0,v,1,0,0,0,0,0,0,0,0,0,0,0,2,True
182675,7,1091,9841,1,0,4,4,t,r,n,f,j,s,d,0,1,0,0,0,0,0,0,0,0,0,v,1,0,0,0,0,0,0,0,0,0,0,0,2,True
282090,13,783,4836,1,0,4,4,t,r,n,f,j,s,d,0,1,0,0,0,0,0,0,0,0,0,v,1,0,0,0,0,0,0,0,0,0,0,0,2,True
54306,20,236,327,1,0,4,4,t,r,n,f,j,s,d,0,1,0,0,0,0,0,0,0,0,0,v,1,0,0,0,0,0,0,0,0,0,0,0,2,True
898315,13,1376,2000,1,0,4,4,t,r,n,f,j,s,d,0,1,0,0,0,0,0,0,0,0,0,v,1,0,0,0,0,0,0,0,0,0,0,0,1,True
751336,10,1140,2887,1,0,4,4,t,r,n,f,j,s,d,0,1,0,0,0,0,0,0,0,0,0,v,1,0,0,0,0,0,0,0,0,0,0,0,2,True
453007,13,777,4461,1,0,4,4,t,r,n,f,j,s,d,0,1,0,0,0,0,0,0,0,0,0,v,1,0,0,0,0,0,0,0,0,0,0,0,1,True
733332,17,980,1038,1,0,4,4,t,r,n,f,j,s,d,0,1,0,0,0,0,0,0,0,0,0,v,1,0,0,0,0,0,0,0,0,0,0,0,3,True
164168,20,124,2407,1,0,4,4,t,r,n,f,j,s,d,0,1,0,0,0,0,1,1,0,0,0,v,1,0,0,0,0,0,0,0,0,0,0,0,2,True
404054,13,1372,4555,1,0,4,4,t,r,n,f,j,s,d,0,1,0,0,0,0,1,1,0,0,0,v,1,0,0,0,0,0,0,0,0,0,0,0,2,True
301665,20,124,5150,1,0,4,4,t,r,n,f,j,s,d,0,1,0,0,0,0,1,1,0,0,0,v,1,0,0,0,0,0,0,0,0,0,0,0,2,True
188410,17,1030,606,1,0,4,4,t,r,n,f,j,s,q,0,0,1,0,0,0,0,0,0,0,0,v,1,0,0,0,0,0,0,0,0,0,0,0,3,True
159729,17,1030,606,1,0,4,4,t,r,n,f,j,s,q,0,0,1,0,0,0,0,0,0,0,0,v,1,0,0,0,0,0,0,0,0,0,0,0,3,True
309014,26,36,8124,1,0,4,4,t,r,n,v,j,s,d,0,0,0,0,0,1,0,0,0,0,0,a,1,0,0,0,0,0,0,0,0,0,0,0,1,True
437639,26,36,8124,1,0,4,4,t,r,n,v,j,s,d,0,0,0,0,0,1,0,0,0,0,0,a,1,0,0,0,0,0,0,0,0,0,0,0,1,True
983556,26,36,7472,1,0,4,4,t,r,n,v,j,s,d,0,0,0,0,0,1,0,0,0,0,0,v,0,0,0,0,0,0,0,0,0,0,0,0,1,True
60110,26,435,886,1,0,4,4,t,r,n,v,j,s,d,0,0,0,0,0,1,0,0,0,0,0,v,0,0,0,0,0,0,0,0,0,0,0,0,1,True
908094,26,36,8124,1,0,4,4,t,r,n,v,j,s,d,0,0,0,0,0,1,0,0,0,0,0,v,1,0,0,0,0,0,0,0,0,0,0,0,1,True
579199,26,36,5318,1,0,4,4,t,r,n,v,j,s,d,0,0,0,0,0,1,0,0,0,0,0,v,1,0,0,0,0,0,0,0,0,0,0,0,1,True
190690,26,36,8124,1,0,4,4,t,r,n,v,j,s,d,0,0,0,0,0,1,0,0,0,0,0,v,1,0,0,0,0,0,0,0,0,0,0,0,1,True
470827,26,435,6057,1,0,4,4,t,r,n,v,j,s,d,0,0,0,0,0,1,0,0,0,0,0,v,1,0,0,0,0,0,0,0,0,0,0,0,1,True
279162,26,36,5318,1,0,4,4,t,r,n,v,j,s,d,0,0,0,0,0,1,0,0,0,0,0,v,1,0,0,0,0,0,0,0,0,0,0,0,1,True
918917,26,36,7472,1,0,4,4,t,r,n,v,j,s,d,0,0,0,0,0,1,0,0,0,0,0,v,1,0,0,0,0,0,0,0,0,0,0,0,1,True
558419,26,36,8124,1,0,4,4,t,r,n,v,j,s,d,0,0,0,0,0,1,0,0,0,0,0,v,1,0,0,0,0,0,0,0,0,0,0,0,1,True
513646,26,36,8124,1,0,4,4,t,r,n,v,j,s,d,0,0,0,0,0,1,0,0,0,0,0,v,1,0,0,0,0,0,0,0,0,0,0,0,1,True
33870,26,36,8124,1,0,4,4,t,r,n,v,j,s,d,0,0,0,0,0,1,0,0,0,0,0,v,1,0,0,0,0,0,0,0,0,0,0,0,1,True
638012,26,36,5318,1,0,4,4,t,r,n,v,j,s,d,0,0,0,0,0,1,0,0,0,0,0,v,1,0,0,0,0,0,0,0,0,0,0,0,1,True
919710,26,1401,8525,1,0,4,4,t,r,n,v,j,t,d,0,0,0,0,0,1,0,0,0,0,0,v,1,0,0,0,0,0,0,0,0,0,0,0,1,True
715150,26,1401,8525,1,0,4,4,t,r,n,v,j,t,d,0,0,0,0,0,1,0,0,0,0,0,v,1,0,0,0,0,0,0,0,0,0,0,0,1,True
11025,17,856,11374,1,0,4,4,t,r,q,f,j,s,d,0,1,0,0,0,0,0,0,0,0,0,v,1,0,0,0,0,0,0,0,0,0,0,0,3,True
122747,17,648,11927,1,0,4,4,t,r,q,f,j,s,d,0,1,0,0,0,0,0,0,0,0,0,v,1,0,0,0,0,0,0,0,0,0,0,0,3,True
119166,26,36,7472,1,0,4,4,t,r,q,v,j,s,d,0,0,0,0,0,1,0,0,0,0,0,v,1,0,0,0,0,0,0,0,0,0,0,0,2,True
591712,26,36,7472,1,0,4,4,t,r,q,v,j,s,d,0,0,0,0,0,1,0,0,0,0,0,v,1,0,0,0,0,0,0,0,0,0,0,0,1,True
799518,7,1273,10753,1,0,4,4,t,u,n,v,j,s,d,0,0,0,0,0,1,0,0,0,0,0,v,1,0,0,0,0,0,0,0,0,0,0,0,2,True
815168,10,735,9632,1,0,4,4,t,u,n,v,j,s,d,0,0,0,0,0,1,0,0,0,0,0,v,1,0,0,0,0,0,0,0,0,0,0,0,3,True
934474,26,886,11562,1,0,4,4,t,u,n,v,j,s,d,0,0,0,0,0,1,0,0,0,0,0,v,1,0,0,0,0,0,0,0,0,0,0,0,1,True
948630,20,517,943,1,0,4,4,t,w,n,f,j,s,d,0,0,0,0,0,0,0,1,0,0,0,v,1,0,0,0,0,0,0,0,0,0,0,0,1,True
375407,7,1273,10753,1,0,4,4,t,w,n,f,j,s,d,0,0,0,0,0,0,0,1,0,0,0,v,1,0,0,0,0,0,0,0,0,0,0,0,3,True
196385,20,508,12421,1,0,4,4,t,w,n,f,j,s,d,0,0,0,0,0,0,0,1,0,0,0,v,1,0,0,0,0,0,0,0,0,0,0,0,2,True
529493,26,886,994,1,0,4,4,t,w,n,f,j,s,d,0,0,0,0,0,0,1,0,0,0,0,v,1,0,0,0,0,0,0,0,0,0,0,0,1,True
73626,26,1377,2633,1,0,4,4,t,w,n,f,j,s,d,0,0,0,0,0,0,1,0,0,0,0,v,1,0,0,0,0,0,0,0,0,0,0,0,2,True
959555,26,302,5339,1,0,4,4,t,w,n,f,j,s,d,0,0,0,0,0,0,1,0,0,0,0,v,1,0,0,0,0,0,0,0,0,0,0,0,1,True
780374,26,886,12157,1,0,4,4,t,w,n,f,j,s,d,0,0,0,0,0,0,1,0,0,0,0,v,1,0,0,0,0,0,0,0,0,0,0,0,2,True
421193,26,1377,2633,1,0,4,4,t,w,n,f,j,s,d,0,0,0,0,0,0,1,0,0,0,0,v,1,0,0,0,0,0,0,0,0,0,0,0,1,True
154700,26,991,47,1,0,4,4,t,w,n,f,j,s,d,0,0,0,0,0,0,1,0,0,0,0,v,1,0,0,0,0,0,0,0,0,0,0,0,1,True
937592,26,1377,2633,1,0,4,4,t,w,n,f,j,s,d,0,0,0,0,0,0,1,0,0,0,0,v,1,0,0,0,0,0,0,0,0,0,0,0,1,True
883662,26,886,994,1,0,4,4,t,w,n,f,j,s,d,0,0,0,0,0,0,1,0,0,0,0,v,1,1,1,0,0,0,0,0,0,0,0,0,2,True
280646,26,886,12157,1,0,4,4,t,w,n,f,j,s,d,0,0,0,0,0,0,1,0,0,0,0,v,1,1,1,0,0,0,0,0,0,0,0,0,1,True
30779,20,788,4388,1,0,4,4,t,w,n,f,j,s,d,0,0,0,0,0,0,1,1,0,0,0,v,1,0,0,0,0,0,0,0,0,0,0,0,2,True
100203,20,729,3293,1,0,4,4,t,w,n,f,j,s,d,0,0,0,0,0,0,1,1,0,0,0,v,1,0,0,0,0,0,0,0,0,0,0,0,1,True
856026,26,1377,2633,1,0,4,4,t,w,n,f,j,s,d,0,0,0,0,0,0,1,1,0,0,0,v,1,0,0,0,0,0,0,0,0,0,0,0,2,True
801429,20,236,4030,1,0,4,5,n,r,n,f,j,s,d,0,1,0,0,0,0,0,0,0,0,0,v,1,0,0,0,0,0,0,0,0,0,0,0,3,True
569004,4,707,9930,1,0,4,5,n,r,n,f,j,s,d,0,1,0,0,0,0,0,0,0,0,0,v,1,0,0,0,0,0,0,0,0,0,0,0,2,True
1009580,4,514,4669,1,0,4,5,t,r,n,f,j,s,d,0,1,0,0,0,0,0,0,0,0,0,v,1,0,0,0,0,0,0,0,0,0,0,0,2,True
89580,7,1015,3269,1,0,4,5,t,r,n,f,j,s,d,0,1,0,0,0,0,0,0,0,0,0,v,1,0,0,0,0,0,0,0,0,0,0,0,3,True
466343,20,497,12179,1,0,4,5,t,r,n,f,j,s,d,0,1,0,0,0,0,0,0,0,0,0,v,1,0,0,0,0,0,0,0,0,0,0,0,3,True
166934,26,1377,2633,1,0,4,5,t,w,n,f,j,s,d,0,0,0,0,0,0,0,1,0,0,0,v,1,0,0,0,0,0,0,0,0,0,0,0,1,True
539675,20,1309,7201,1,0,4,5,t,w,n,f,j,s,d,0,0,0,0,0,0,0,1,0,0,0,v,1,0,0,0,0,0,0,0,0,0,0,0,2,True
746560,20,1021,9646,1,0,4,5,t,w,n,f,j,s,d,0,0,0,0,0,0,1,0,0,0,0,v,1,0,0,0,0,0,0,0,0,0,0,0,2,True
328554,26,1377,6207,1,0,4,5,t,w,n,f,j,s,d,0,0,0,0,0,0,1,0,0,0,0,v,1,0,0,0,0,0,0,0,0,0,0,0,3,True
1016327,26,1028,6500,1,0,4,6,t,r,n,x,j,s,d,0,1,0,0,0,0,0,0,1,0,0,v,1,0,0,0,0,0,0,0,0,0,0,0,2,True
338791,26,1028,6500,1,0,4,6,t,r,n,x,j,s,d,0,1,0,0,0,0,0,0,1,0,0,v,1,0,0,0,0,0,0,0,0,0,0,0,2,True
584053,26,621,4282,1,0,5,2,n,r,n,f,j,s,d,0,1,0,0,0,0,0,0,0,0,0,r,1,0,0,0,0,0,0,0,0,0,0,0,2,True
762953,8,463,2386,1,0,5,2,n,r,n,f,j,s,d,0,1,0,0,0,0,0,0,0,0,0,r,1,0,0,0,0,0,0,0,0,0,0,0,3,True
225809,13,1154,1044,1,0,5,2,n,r,n,f,j,s,d,0,1,0,0,0,0,0,0,0,0,0,v,1,0,0,0,0,0,0,0,0,0,0,0,1,True
499437,17,247,6558,1,0,5,2,n,r,n,f,j,s,d,0,1,0,0,0,0,0,0,0,0,0,v,1,0,0,0,0,0,0,0,0,0,0,0,3,True
1043516,8,178,8769,1,0,5,2,n,r,n,f,j,s,d,0,1,0,0,0,0,0,0,0,0,0,v,1,0,0,0,0,0,0,0,0,0,0,0,3,True
954835,13,1154,11118,1,0,5,2,n,r,n,f,j,s,d,0,1,0,0,0,0,0,0,0,0,0,v,1,0,0,0,0,0,0,0,0,0,0,0,1,True
341697,20,629,3356,1,0,5,2,n,r,n,f,j,s,d,0,1,0,0,0,0,0,0,0,0,0,v,1,0,0,0,0,0,0,0,0,0,0,0,2,True
249675,21,471,1182,1,0,5,2,n,r,n,f,j,s,d,0,1,0,0,0,0,0,0,0,0,0,v,1,0,0,0,0,0,0,0,0,0,0,0,2,True
667878,22,974,3059,1,0,5,2,n,r,n,f,j,s,d,0,1,0,0,0,0,0,0,0,0,0,v,1,0,0,0,0,0,0,0,0,0,0,0,1,True
358357,13,57,2700,1,0,5,2,n,r,n,f,j,s,d,0,1,0,0,0,0,0,0,0,0,0,v,1,0,0,0,0,0,0,0,0,0,0,0,1,True
769824,20,1339,10274,1,0,5,2,n,r,n,f,j,s,d,0,1,0,0,0,0,0,0,0,0,0,v,1,0,0,0,0,0,0,0,0,0,0,0,2,True
720871,8,1073,10375,1,0,5,2,o,r,n,f,j,s,d,0,1,0,0,0,0,1,0,0,0,0,v,1,0,0,0,0,0,0,0,0,0,0,0,2,True
553721,20,788,1049,1,0,5,2,o,r,n,f,j,s,d,0,1,0,0,0,0,1,0,0,0,0,v,1,0,0,0,0,0,0,0,0,0,0,0,2,True
805489,8,1073,5249,1,0,5,2,o,r,n,f,j,s,d,0,1,0,0,0,0,1,0,0,0,0,v,1,0,0,0,0,0,0,0,0,0,0,0,2,True
539273,10,1203,8172,1,0,5,2,t,r,n,f,j,j,d,0,1,0,0,0,0,0,0,0,0,0,v,1,0,0,0,0,0,0,0,0,0,0,0,3,True
558806,18,134,5815,1,0,5,2,t,r,n,f,j,j,d,0,1,0,0,0,0,0,0,0,0,0,v,1,0,0,0,0,0,0,0,0,0,0,0,3,True
649689,26,39,11440,1,0,5,2,t,r,n,f,j,s,d,0,0,0,0,0,1,0,0,0,0,0,v,1,0,0,0,0,0,0,0,0,0,0,0,1,True
720914,17,715,307,1,0,5,2,t,r,n,f,j,s,d,0,0,0,0,0,1,0,0,0,0,0,v,1,0,0,0,0,0,0,0,0,0,0,0,2,True
930086,17,247,2918,1,0,5,2,t,r,n,f,j,s,d,0,0,0,0,0,1,0,0,0,0,0,v,1,0,0,0,0,0,0,0,0,0,0,0,3,True
1027855,10,735,9632,1,0,5,2,t,r,n,f,j,s,d,0,0,0,0,0,1,0,0,0,0,0,v,1,0,0,0,0,0,0,0,0,0,0,0,1,True
845900,7,800,11755,1,0,5,2,t,r,n,f,j,s,d,0,0,0,0,1,0,0,0,0,0,0,v,0,0,0,0,0,0,0,0,0,0,0,0,1,True
266623,6,673,4283,1,0,5,2,t,r,n,f,j,s,d,0,0,0,0,1,0,0,0,0,0,0,v,0,0,0,0,0,0,0,0,0,0,0,0,2,True
243472,8,463,2917,1,0,5,2,t,r,n,f,j,s,d,0,0,0,0,1,0,0,0,0,0,0,v,1,0,0,0,0,0,0,0,0,0,0,0,3,True
322121,7,1166,406,1,0,5,2,t,r,n,f,j,s,d,0,0,0,0,1,0,0,0,0,0,0,v,1,0,0,0,0,0,0,0,0,0,0,0,2,True
273925,8,678,9322,1,0,5,2,t,r,n,f,j,s,d,0,1,0,0,0,0,0,0,0,0,0,v,0,0,0,0,0,0,0,0,0,0,0,0,3,True
985519,13,1212,8748,1,0,5,2,t,r,n,f,j,s,d,0,1,0,0,0,0,0,0,0,0,0,v,0,0,0,0,0,0,0,0,0,0,0,0,3,True
737644,5,702,4674,1,0,5,2,t,r,n,f,j,s,d,0,1,0,0,0,0,0,0,0,0,0,v,0,0,0,0,0,0,0,0,0,0,0,0,1,True
1009998,21,313,11296,1,0,5,2,t,r,n,f,j,s,d,0,1,0,0,0,0,0,0,0,0,0,v,0,0,0,0,0,0,0,0,0,0,0,0,1,True
539943,6,457,646,1,0,5,2,t,r,n,f,j,s,d,0,1,0,0,0,0,0,0,0,0,0,v,0,0,0,0,0,0,0,0,0,0,0,0,1,True
740081,18,134,7756,1,0,5,2,t,r,n,f,j,s,d,0,1,0,0,0,0,0,0,0,0,0,v,0,0,0,0,0,0,0,0,0,0,0,0,3,True
306921,10,735,9632,1,0,5,2,t,r,n,f,j,s,d,0,1,0,0,0,0,0,0,0,0,0,v,1,0,0,0,0,0,0,0,0,0,0,0,3,True
553158,9,1151,11929,1,0,5,2,t,r,n,f,j,s,d,0,1,0,0,0,0,0,0,0,0,0,v,1,0,0,0,0,0,0,0,0,0,0,0,2,True
391868,9,1151,3075,1,0,5,2,t,r,n,f,j,s,d,0,1,0,0,0,0,0,0,0,0,0,v,1,0,0,0,0,0,0,0,0,0,0,0,2,True
76833,13,1310,7464,1,0,5,2,t,r,n,f,j,s,d,0,1,0,0,0,0,0,0,0,0,0,v,1,0,0,0,0,0,0,0,0,0,0,0,1,True
145036,27,422,2989,1,0,5,2,t,r,n,f,j,s,d,0,1,0,0,0,0,0,0,0,0,0,v,1,0,0,0,0,0,0,0,0,0,0,0,2,True
95252,22,974,2418,1,0,5,2,t,r,n,f,j,s,d,0,1,0,0,0,0,0,0,0,0,0,v,1,0,0,0,0,0,0,0,0,0,0,0,1,True
978384,8,276,817,1,0,5,2,t,r,n,f,j,s,d,0,1,0,0,0,0,0,0,0,0,0,v,1,0,0,0,0,0,0,0,0,0,0,0,3,True
261266,10,735,9387,1,0,5,2,t,r,n,f,j,s,d,0,1,0,0,0,0,0,0,0,0,0,v,1,0,0,0,0,0,0,0,0,0,0,0,2,True
